商品名称,价格,简介
小米Redmi显示器1A 23.8英寸,779.00元,商品编号:100013455568;商品毛重:3.75kg;商品产地:中国大陆;屏幕尺寸:23.5-24英寸;屏幕刷新率:60Hz;分辨率:1920*1080dpi;售后服务:3年质保;面板:IPS技术;对比度:1000:1;屏幕比例:16:9;接口:HDMI，VGA;
小米小米显示器,849.00元,商品编号:100010424021;商品毛重:5.7kg;商品产地:中国大陆;屏幕尺寸:27英寸;分辨率:1920*1080dpi;对比度:1000:1;屏幕刷新率:60Hz;售后服务:3年质保;面板:IPS技术;接口:HDMI，VGA，音频/耳机输出;特性:节能认证;屏幕比例:16:9;
KKTVK24QB,799.00元,商品编号:100012087833;商品毛重:3.16kg;商品产地:中国大陆;屏幕尺寸:23.5-24英寸;屏幕刷新率:75Hz;分辨率:其他;售后服务:1年质保;面板:其他;接口:HDMI，VGA;
AOC24B2XH,849.00元,商品编号:100005855828;商品毛重:3.9kg;商品产地:中国大陆;屏幕尺寸:23.5-24英寸;分辨率:1920*1080dpi;对比度:1000:1;屏幕刷新率:75Hz;售后服务:3年质保;面板:IPS技术;接口:HDMI，VGA，音频/耳机输出;特性:可壁挂;屏幕比例:16:9;
AOC27B2H,999.00元,商品编号:100005855774;商品毛重:4.99kg;商品产地:中国大陆;屏幕尺寸:27英寸;分辨率:1920*1080dpi;对比度:1000:1;屏幕刷新率:75Hz;售后服务:3年质保;面板:IPS技术;接口:HDMI，VGA，音频/耳机输出;特性:可壁挂;屏幕比例:16:9;
华为AD80HW,799.00元,商品编号:100025121740;商品毛重:5.41kg;商品产地:中国大陆;屏幕尺寸:23.5-24英寸;分辨率:1920*1080dpi;对比度:1000:1;响应时间:5ms;屏幕刷新率:75Hz;售后服务:1年质保;面板:IPS技术;接口:HDMI，VGA;屏幕比例:16:9;
康佳KKTV显示器2K电脑显示器便携24英寸高刷新率电竞全面屏游戏曲面高清液晶显示屏 【24英寸 2K】直面 黑色,759.00元,商品编号:70162060379;店铺: KKTV显示器旗舰店;商品毛重:4.0kg;屏幕尺寸:23.5-24英寸;屏幕刷新率:其他;面板:其他;售后服务:1年质保;屏幕比例:16:9;特性:可壁挂;接口:HDMI，VGA;
AOC22B2HN,769.00元,商品编号:100021592292;商品毛重:3.35kg;商品产地:中国大陆;屏幕尺寸:21.5英寸及以下;分辨率:1920*1080dpi;对比度:3000:1;屏幕刷新率:75Hz;售后服务:3年质保;面板:VA;接口:HDMI，VGA，音频/耳机输出;特性:节能认证，TUV爱眼认证;屏幕比例:16:9;
AOCU2790PQU,1899.00元,商品编号:100001071956;商品毛重:8.3kg;商品产地:中国大陆;屏幕尺寸:27英寸;分辨率:3840*2160dpi;对比度:1000:1;响应时间:5ms;屏幕刷新率:60Hz;售后服务:3年质保;面板:IPS技术;接口:DP，HDMI，USB扩展/充电，音频/耳机输出;特性:旋转升降底座;屏幕比例:16:9;
三星C27R502FHC,1099.00元,商品编号:100003374425;商品毛重:6.35kg;商品产地:中国大陆;屏幕尺寸:27英寸;分辨率:1920*1080dpi;对比度:3000:1;屏幕刷新率:60Hz;面板:VA;售后服务:1年质保;接口:HDMI，VGA，音频/耳机输出;屏幕比例:16:9;特性:FreeSync，可壁挂;曲率:1800R;
AOC27G2,1449.00元,商品编号:100006442384;商品毛重:7.36kg;商品产地:中国大陆;屏幕尺寸:27英寸;分辨率:1920*1080dpi;对比度:1000:1;响应时间:1ms;屏幕刷新率:144Hz;售后服务:3年质保;面板:IPS技术;接口:DP，HDMI，VGA，音频/耳机输出;特性:旋转升降底座;屏幕比例:16:9;
AOCQ2790PQ,1549.00元,商品编号:6241719;商品毛重:8.24kg;商品产地:中国大陆;屏幕尺寸:27英寸;分辨率:2560*1440dpi;对比度:1000:1;响应时间:5ms;屏幕刷新率:60Hz;售后服务:3年质保;面板:IPS技术;接口:DP，HDMI，VGA，音频/耳机输出;特性:旋转升降底座;屏幕比例:16:9;
凯科迈H320A,899.00元,商品编号:59683882302;店铺: 凯科迈显示器旗舰店;商品毛重:10.0kg;屏幕尺寸:31.5-32英寸;分辨率:1920*1080dpi;对比度:1000:1;响应时间:2ms-4ms;屏幕刷新率:60Hz;售后服务:1年质保;面板:VA;接口:HDMI，VGA，音频/耳机输出;曲率:1800R;
AOCI2490VXH/BS,879.00元,商品编号:5155905;商品毛重:4.85kg;商品产地:中国大陆;屏幕尺寸:23.5-24英寸;分辨率:1920*1080dpi;对比度:1000:1;类型:商用大屏显示器;响应时间:5ms;屏幕刷新率:60Hz;售后服务:3年质保;面板:IPS（LGD）;接口:HDMI，VGA，音频/耳机输出;特性:节能认证，可壁挂;屏幕比例:16:9;
三星S24R352F,999.00元,商品编号:100007193438;商品毛重:4.86kg;商品产地:中国大陆;屏幕尺寸:23.5-24英寸;分辨率:1920*1080dpi;对比度:1000:1;屏幕刷新率:75Hz;售后服务:1年质保;面板:IPS技术;接口:HDMI，VGA;特性:FreeSync，可壁挂;屏幕比例:16:9;
三星S27R350FHC,1099.00元,商品编号:100010935292;商品毛重:5.28kg;商品产地:中国大陆;屏幕尺寸:27英寸;分辨率:1920*1080dpi;对比度:1000:1;屏幕刷新率:75Hz;售后服务:1年质保;面板:IPS技术;接口:HDMI，VGA;特性:FreeSync，可壁挂;屏幕比例:16:9;
三星S32AM700PC,2299.00元,商品编号:100015023791;商品毛重:8.23kg;商品产地:中国大陆;屏幕尺寸:31.5-32英寸;HDR:HDR10;分辨率:3840*2160dpi;对比度:3000:1;屏幕刷新率:60Hz;售后服务:1年质保;面板:VA;接口:Type-C，HDMI;特性:无线投屏;屏幕比例:16:9;
KKTVK22Y,599.00元,商品编号:100012280513;商品毛重:3.08kg;商品产地:中国大陆;屏幕尺寸:21.5英寸及以下;屏幕刷新率:75Hz;分辨率:其他;售后服务:1年质保;面板:其他;接口:VGA，其他;
KKTVK32QB,1199.00元,商品编号:100027823198;商品毛重:6.3kg;商品产地:中国大陆;屏幕尺寸:31.5-32英寸;屏幕刷新率:75Hz;分辨率:1920*1080dpi;售后服务:1年质保;面板:其他;对比度:3000:1;接口:HDMI，VGA;
AOCCU34G2X,2599.00元,商品编号:100009414084;商品毛重:11.95kg;商品产地:中国大陆;屏幕尺寸:34-35英寸;HDR:HDR10;分辨率:3440*1440dpi;对比度:3000:1;响应时间:1ms;屏幕刷新率:144Hz;面板:VA;售后服务:3年质保;屏幕比例:21:9;接口:DP，HDMI，USB扩展/充电，音频/耳机输出;特性:FreeSync;曲率:1500R;
小米RMMNT27NQ,1199.00元,商品编号:100013183249;商品毛重:5.7kg;商品产地:中国大陆;屏幕尺寸:27英寸;分辨率:2560*1440dpi;对比度:1000:1;屏幕刷新率:60Hz;售后服务:3年质保;面板:IPS技术;接口:HDMI，VGA，音频/耳机输出;特性:节能认证;屏幕比例:16:9;
飞利浦273V7QDSBF,989.00元,商品编号:7299682;商品毛重:5.823kg;商品产地:中国大陆;屏幕尺寸:27英寸;分辨率:1920*1080dpi;对比度:1000:1;响应时间:2ms-4ms;屏幕刷新率:75Hz;售后服务:3年质保;面板:IPS技术;接口:HDMI，DVI，VGA;特性:可壁挂;屏幕比例:16:9;
戴尔S2421HSX,1199.00元,商品编号:100008352203;商品毛重:6.95kg;商品产地:中国大陆;屏幕尺寸:23.5-24英寸;分辨率:1920*1080dpi;对比度:1000:1;响应时间:2ms-4ms;屏幕刷新率:75Hz;售后服务:3年质保;面板:IPS技术;接口:DP，HDMI，音频/耳机输出;特性:节能认证，旋转升降底座，FreeSync，TUV爱眼认证;屏幕比例:16:9;
雷神TR-C27H144,1099.00元,商品编号:7224931;商品毛重:6.35kg;商品产地:中国大陆;屏幕尺寸:27英寸;分辨率:1920*1080dpi;响应时间:2ms-4ms;屏幕刷新率:144Hz;售后服务:3年质保;面板:VA;接口:DP，HDMI，DVI，音频/耳机输出;屏幕比例:16:9;曲率:1800R;
KKTVK24QDJ,869.00元,商品编号:100014058189;商品毛重:3.46kg;商品产地:中国大陆;屏幕尺寸:23.5-24英寸;屏幕刷新率:144Hz;分辨率:其他;售后服务:1年质保;面板:其他;接口:DP，HDMI;
小米XMMNT238CZ,849.00元,商品编号:100021838654;商品毛重:5.3kg;商品产地:中国大陆;屏幕尺寸:23.5-24英寸;分辨率:1920*1080dpi;对比度:1000:1;屏幕刷新率:60Hz;售后服务:3年质保;面板:IPS技术;接口:HDMI;特性:节能认证;屏幕比例:16:9;
AOC24G2,1299.00元,商品编号:100004239411;商品毛重:5.86kg;商品产地:中国大陆;屏幕尺寸:23.5-24英寸;分辨率:1920*1080dpi;对比度:1000:1;响应时间:1ms;屏幕刷新率:144Hz;售后服务:3年质保;面板:IPS技术;接口:DP，HDMI，VGA，音频/耳机输出;特性:旋转升降底座;屏幕比例:16:9;
AOCQ27G2S/D,2199.00元,商品编号:100021043464;商品毛重:7.85kg;商品产地:中国大陆;屏幕尺寸:27英寸;HDR:HDR400;分辨率:2560*1440dpi;对比度:700:1;响应时间:1ms;屏幕刷新率:170Hz;售后服务:3年质保;面板:IPS (Fast);接口:DP，HDMI，音频/耳机输出;特性:旋转升降底座，FreeSync;屏幕比例:16:9;
BOECA24HA,799.00元,商品编号:100026390248;商品毛重:4.37kg;商品产地:中国大陆;屏幕尺寸:23.5-24英寸;屏幕刷新率:75Hz;分辨率:1920*1080dpi;售后服务:3年质保;面板:IPS技术;对比度:1000:1;屏幕比例:16:9;接口:HDMI，VGA;
飞利浦243i7QSB,849.00元,商品编号:100000757278;商品毛重:4.6kg;商品产地:中国大陆;屏幕尺寸:23.5-24英寸;分辨率:1920*1080dpi;对比度:1000:1;屏幕刷新率:60Hz;售后服务:3年质保;面板:IPS（LGD）;接口:DVI，VGA;特性:可壁挂;屏幕比例:16:9;
雷神LF27C240,1199.00元,商品编号:100021040406;商品毛重:6.58kg;商品产地:中国大陆;屏幕尺寸:27英寸;分辨率:1920*1080dpi;屏幕刷新率:240Hz及以上;面板:VA;售后服务:3年质保;接口:DP，HDMI，音频/耳机输出;屏幕比例:16:9;特性:G-Sync，FreeSync;曲率:1500R;
创维M241FJ,779.00元,商品编号:100025262276;商品毛重:4.3kg;商品产地:中国大陆;屏幕尺寸:23.5-24英寸;屏幕刷新率:75Hz;分辨率:1920*1080dpi;售后服务:3年上门，3年质保;面板:IPS技术;屏幕比例:16:9;接口:HDMI，VGA;
KKTVK20Z,429.00元,商品编号:100016676992;商品毛重:3.4kg;商品产地:中国大陆;屏幕尺寸:21.5英寸及以下;屏幕刷新率:60Hz;分辨率:其他;售后服务:1年质保;面板:其他;接口:其他;
三星C32G54TQWC,2199.00元,商品编号:100014719916;商品毛重:7.75kg;商品产地:中国大陆;屏幕尺寸:31.5-32英寸;HDR:HDR10;分辨率:2560*1440dpi;对比度:2500:1;响应时间:1ms;屏幕刷新率:144Hz;面板:VA;售后服务:1年质保;屏幕比例:16:9;接口:DP，HDMI，音频/耳机输出;特性:FreeSync;曲率:1000R;
LG27UL550,1699.00元,商品编号:100002302927;商品毛重:8.68kg;商品产地:中国大陆;屏幕尺寸:27英寸;HDR:HDR10;分辨率:3840*2160dpi;对比度:1000:1;响应时间:5ms;屏幕刷新率:60Hz;售后服务:3年质保;面板:IPS技术;接口:DP，HDMI，音频/耳机输出;特性:旋转升降底座，FreeSync，可壁挂;屏幕比例:16:9;
戴尔S2721DGF,2499.00元,商品编号:100014522238;商品毛重:9.75kg;商品产地:中国大陆;屏幕尺寸:27英寸;HDR:HDR400;分辨率:2560*1440dpi;对比度:1000:1;响应时间:1ms;屏幕刷新率:165Hz;售后服务:3年质保;面板:IPS (Fast);接口:DP，HDMI，USB扩展/充电，音频/耳机输出;特性:节能认证，旋转升降底座，FreeSync，TUV爱眼认证;屏幕比例:16:9;
威普森（WINPSEN）WPS-F1900-E,389.00元,商品编号:10035792829004;店铺: 威普森官方旗舰店;商品毛重:3.4kg;商品产地:中国大陆;屏幕尺寸:21.5英寸及以下;屏幕刷新率:60Hz;分辨率:其他;售后服务:1年质保;面板:IPS技术;响应时间:2ms-4ms;屏幕比例:16:9;接口:HDMI，VGA;
三星F24T350FHC,999.00元,商品编号:100015189598;商品毛重:4.05kg;商品产地:中国大陆;屏幕尺寸:23.5-24英寸;分辨率:1920*1080dpi;对比度:1000:1;响应时间:5ms;屏幕刷新率:75Hz;售后服务:1年质保;面板:IPS技术;接口:HDMI，VGA;特性:FreeSync，可壁挂;屏幕比例:16:9;
AOCU27N3C,2399.00元,商品编号:100011740619;商品毛重:9.15kg;商品产地:中国大陆;屏幕尺寸:27英寸;HDR:HDR10;分辨率:3840*2160dpi;响应时间:2ms-4ms;屏幕刷新率:60Hz;售后服务:3年质保;面板:IPS技术;接口:Type-C，DP，HDMI，USB扩展/充电，音频/耳机输出;特性:节能认证，旋转升降底座;屏幕比例:16:9;
三星F27T700QQC,1599.00元,商品编号:100008738897;商品毛重:7.9kg;商品产地:中国大陆;屏幕尺寸:27英寸;分辨率:2560*1440dpi;对比度:1000:1;响应时间:5ms;屏幕刷新率:75Hz;售后服务:1年质保;面板:IPS技术;接口:DP，HDMI，音频/耳机输出;特性:旋转升降底座，FreeSync，可壁挂;屏幕比例:16:9;
HKCS2416,789.00元,商品编号:100015946914;商品毛重:4.15kg;商品产地:中国大陆;屏幕尺寸:23.5-24英寸;分辨率:1920*1080dpi;对比度:1000:1;响应时间:5ms;屏幕刷新率:60Hz;售后服务:3年质保;面板:IPS技术;接口:HDMI，VGA;屏幕比例:16:9;
泰坦军团P24A2G,949.00元,商品编号:100013772695;商品毛重:5.55kg;商品产地:中国大陆;货号:P24A2G;屏幕尺寸:23.5-24英寸;分辨率:1920*1080dpi;对比度:1000:1;响应时间:1ms;屏幕刷新率:165Hz;售后服务:3年质保;面板:IPS (Fast);接口:DP，HDMI，音频/耳机输出;屏幕比例:16:9;
康佳KKTV显示器27电脑显示屏4K\/144Hz便携式28英寸家用办公游戏电竞高清全面屏 【4K-144HZ】28英寸双模切换,899.00元,商品编号:10029365178631;店铺: KKTV显示器旗舰店;商品毛重:5.8kg;屏幕尺寸:28-30英寸;屏幕刷新率:144Hz;分辨率:3840*2160dpi;售后服务:1年质保;面板:其他;屏幕比例:16:9;特性:可壁挂;接口:DP，HDMI，USB扩展/充电，音频/耳机输出;
戴尔U2720QM,3899.00元,商品编号:100011317048;商品毛重:9.26kg;商品产地:中国大陆;屏幕尺寸:27英寸;HDR:HDR400;分辨率:3840*2160dpi;响应时间:5ms;屏幕刷新率:60Hz;售后服务:3年质保;面板:IPS技术;接口:Type-C，DP，HDMI，USB扩展/充电，音频/耳机输出;特性:节能认证，旋转升降底座，TUV爱眼认证，四边微边框;屏幕比例:16:9;
小米小米曲面显示器 34英寸,1999.00元,商品编号:100009387754;商品毛重:10.42kg;商品产地:中国大陆;屏幕尺寸:34-35英寸;屏幕刷新率:144Hz;分辨率:3440*1440dpi;售后服务:3年质保;面板:VA;屏幕比例:21:9;特性:旋转升降底座，FreeSync，可壁挂;接口:DP，HDMI;
AOC27N1H,1199.00元,商品编号:8601400;商品毛重:5.655kg;商品产地:中国大陆;屏幕尺寸:27英寸;分辨率:1920*1080dpi;对比度:1000:1;响应时间:5ms;屏幕刷新率:75Hz;售后服务:3年质保;面板:IPS（LGD）;接口:HDMI，VGA，音频/耳机输出;屏幕比例:16:9;
惠普M22f,799.00元,商品编号:100019734612;商品毛重:3.95kg;商品产地:中国大陆;货号:2E2Y3AA;屏幕尺寸:21.5英寸及以下;屏幕刷新率:75Hz;分辨率:1920*1080dpi;售后服务:3年质保;面板:IPS技术;响应时间:5ms;屏幕比例:16:9;接口:HDMI，VGA;
优派VX2778-2K-HD-2,1149.00元,商品编号:100018872962;商品毛重:6.82kg;商品产地:中国大陆;货号:VX2778-2K-HD-2;屏幕尺寸:27英寸;分辨率:2560*1440dpi;对比度:1000:1;响应时间:2ms-4ms;屏幕刷新率:60Hz;售后服务:3年质保;面板:IPS技术;接口:DP，HDMI，音频/耳机输出;特性:可壁挂，节能认证;屏幕比例:16:9;
康佳KKTV显示器电脑显示屏IPS便携20电竞144HZ刷新率游戏液晶全面屏  【18.5英寸 】直面 黑色,429.00元,商品编号:70372611987;店铺: KKTV显示器旗舰店;商品毛重:4.0kg;屏幕尺寸:21.5英寸及以下;屏幕刷新率:其他;分辨率:其他;售后服务:1年质保;面板:其他;屏幕比例:16:9;特性:可壁挂;接口:HDMI，VGA;
攀升E2201,599.00元,商品编号:100014807153;商品毛重:3.16kg;商品产地:中国大陆;屏幕尺寸:21.5英寸及以下;分辨率:1920*1080dpi;对比度:1000:1;响应时间:5ms;屏幕刷新率:75Hz;售后服务:3年质保;面板:VA;接口:HDMI，VGA，音频/耳机输出;屏幕比例:16:9;
攀升23.8,699.00元,商品编号:100009835641;商品毛重:3.72kg;商品产地:中国大陆;屏幕尺寸:23.5-24英寸;分辨率:1920*1080dpi;对比度:1000:1;屏幕刷新率:75Hz;售后服务:3年质保;面板:IPS技术;接口:HDMI，VGA;特性:可壁挂;屏幕比例:16:9;
HKCIG27Q,1999.00元,商品编号:100008319415;商品毛重:7.06kg;商品产地:中国大陆;屏幕尺寸:27英寸;分辨率:2560*1440dpi;对比度:1000:1;响应时间:1ms;屏幕刷新率:144Hz;售后服务:3年质保;面板:IPS (Fast);接口:DP，HDMI，音频/耳机输出;特性:FreeSync;屏幕比例:16:9;
小米XMMNT245HF1,1349.00元,商品编号:100011615419;商品毛重:7.25kg;商品产地:中国大陆;屏幕尺寸:24.5-26.9英寸;HDR:HDR400;分辨率:1920*1080dpi;对比度:1000:1;响应时间:2ms-4ms;屏幕刷新率:165Hz;售后服务:3年质保;面板:IPS技术;接口:DP，HDMI，音频/耳机输出，其他;特性:旋转升降底座，G-Sync，TUV爱眼认证;屏幕比例:16:9;
戴尔SE2422H,999.00元,商品编号:100021376734;商品毛重:4.9kg;商品产地:中国大陆;屏幕尺寸:23.5-24英寸;屏幕刷新率:75Hz;分辨率:1920*1080dpi;售后服务:3年质保;面板:VA;对比度:3000:1;特性:节能认证，FreeSync，TUV爱眼认证;接口:HDMI，VGA;
KKTVK22Y,599.00元,商品编号:100012280513;商品毛重:3.08kg;商品产地:中国大陆;屏幕尺寸:21.5英寸及以下;屏幕刷新率:75Hz;分辨率:其他;售后服务:1年质保;面板:其他;接口:VGA，其他;
LG27GL850,2199.00元,商品编号:100007193420;商品毛重:9.5kg;商品产地:中国大陆;屏幕尺寸:27英寸;HDR:HDR10;分辨率:2560*1440dpi;对比度:1000:1;响应时间:1ms;屏幕刷新率:144Hz;售后服务:3年质保;面板:IPS（Nano）;接口:DP，HDMI，USB扩展/充电，音频/耳机输出;特性:旋转升降底座，G-Sync，FreeSync，可壁挂;屏幕比例:16:9;
BOECA24H0,869.00元,商品编号:100014947252;商品毛重:4.62kg;商品产地:中国大陆;屏幕尺寸:23.5-24英寸;分辨率:1920*1080dpi;对比度:1000:1;响应时间:5ms;屏幕刷新率:75Hz;售后服务:3年质保;面板:IPS技术;接口:HDMI，VGA，音频/耳机输出;特性:节能认证，TUV爱眼认证;屏幕比例:16:9;
飞利浦275E1E,1349.00元,商品编号:100025671238;商品毛重:8.0kg;商品产地:中国大陆;屏幕尺寸:27英寸;分辨率:2560*1440dpi;对比度:1000:1;响应时间:2ms-4ms;屏幕刷新率:75Hz;售后服务:3年质保;面板:IPS技术;接口:DP，HDMI，VGA，音频/耳机输出;特性:节能认证，可壁挂;屏幕比例:16:9;
小米小米显示器 27英寸 165Hz版,1799.00元,商品编号:100013829958;商品毛重:9.0kg;商品产地:中国大陆;屏幕尺寸:27英寸;HDR:HDR400;分辨率:2560*1440dpi;对比度:1000:1;响应时间:1ms;屏幕刷新率:165Hz;售后服务:3年质保;面板:IPS技术;接口:DP，HDMI，USB扩展/充电，音频/耳机输出;特性:旋转升降底座，TUV爱眼认证;屏幕比例:16:9;
三星U28R550UQC,1999.00元,商品编号:100009558656;商品毛重:7.55kg;商品产地:中国大陆;屏幕尺寸:28-30英寸;HDR:HDR10;分辨率:3840*2160dpi;对比度:1000:1;响应时间:2ms-4ms;屏幕刷新率:60Hz;售后服务:1年质保;面板:IPS技术;接口:DP，HDMI，音频/耳机输出;特性:FreeSync;屏幕比例:16:9;
KKTVE55C55,889.00元,商品编号:10038153264256;店铺: KKTV显示器旗舰店;商品毛重:3.0kg;屏幕尺寸:27英寸;分辨率:3840*2160dpi;售后服务:1年质保;面板:VA;特性:可壁挂;接口:DP，HDMI;
飞利浦243V7QDSB,899.00元,商品编号:5189035;商品毛重:4.79kg;商品产地:中国大陆;屏幕尺寸:23.5-24英寸;分辨率:1920*1080dpi;对比度:1000:1;响应时间:2ms-4ms;屏幕刷新率:75Hz;售后服务:3年质保;面板:IPS（LGD）;接口:HDMI，DVI，VGA;特性:可壁挂;屏幕比例:16:9;
微星G241,999.00元,商品编号:100008565579;商品毛重:5.02kg;商品产地:中国;屏幕尺寸:23.5-24英寸;分辨率:1920*1080dpi;对比度:1000:1;响应时间:1ms;屏幕刷新率:144Hz;售后服务:3年上门，3年质保;面板:IPS技术;接口:DP，HDMI，音频/耳机输出;特性:FreeSync;屏幕比例:16:9;
三星C32R500FHC,1499.00元,商品编号:100010957312;商品毛重:9.04kg;商品产地:中国大陆;屏幕尺寸:31.5-32英寸;分辨率:1920*1080dpi;对比度:3000:1;屏幕刷新率:75Hz;面板:VA;售后服务:1年质保;接口:HDMI，VGA，音频/耳机输出;屏幕比例:16:9;特性:FreeSync，可壁挂;曲率:1500R;
优派VX2478-smhd-2,1099.00元,商品编号:4238175;商品毛重:5.3kg;商品产地:中国大陆;货号:VX2478-smhd-2;屏幕尺寸:23.5-24英寸;屏幕刷新率:60Hz;分辨率:2560*1440dpi;售后服务:3年质保;面板:IPS技术;屏幕比例:16:9;特性:节能认证，可壁挂;接口:DP，HDMI，音频/耳机输出;
AOCQ3279VWFD8/WS,1549.00元,商品编号:6574079;商品毛重:10.02kg;商品产地:中国大陆;屏幕尺寸:31.5-32英寸;分辨率:2560*1440dpi;响应时间:5ms;屏幕刷新率:75Hz;售后服务:3年质保;面板:IPS技术;接口:DP，HDMI，DVI，VGA，音频/耳机输出;特性:FreeSync;屏幕比例:16:9;
联想L24q-35,1299.00元,商品编号:100027320584;商品毛重:5.45kg;商品产地:中国大陆;屏幕尺寸:23.5-24英寸;分辨率:2560*1440dpi;对比度:1000:1;响应时间:2ms-4ms;屏幕刷新率:其他;售后服务:1年质保;面板:IPS技术;接口:DP，HDMI;屏幕比例:16:9;
HPCH22,519.00元,商品编号:100022005872;商品毛重:3.1kg;商品产地:中国大陆;屏幕尺寸:21.5英寸及以下;分辨率:1920*1080dpi;对比度:3000:1;响应时间:5ms;屏幕刷新率:60Hz;售后服务:3年质保;面板:VA;接口:VGA;屏幕比例:16:9;
华硕VG27AQ1A,1999.00元,商品编号:100015042042;商品毛重:7.55kg;商品产地:中国大陆;屏幕尺寸:27英寸;HDR:HDR10;分辨率:2560*1440dpi;对比度:1000:1;响应时间:1ms;屏幕刷新率:170Hz;售后服务:3年质保;面板:IPS技术;接口:DP，HDMI，音频/耳机输出;特性:G-Sync;屏幕比例:16:9;
创维27X4Q,1199.00元,商品编号:100012151749;商品毛重:5.26kg;商品产地:中国大陆;屏幕尺寸:27英寸;分辨率:2560*1440dpi;对比度:1000:1;响应时间:5ms;屏幕刷新率:75Hz;售后服务:3年上门，3年质保;面板:IPS技术;接口:DP，HDMI，音频/耳机输出;屏幕比例:16:9;
AOCX23E1H,849.00元,商品编号:7250224;商品毛重:4.06kg;商品产地:中国大陆;屏幕尺寸:22-23英寸;分辨率:1920*1200dpi;对比度:1000:1;响应时间:5ms;屏幕刷新率:60Hz;售后服务:3年上门，3年质保;面板:IPS（LGD）;接口:HDMI，VGA，音频/耳机输出;特性:节能认证;屏幕比例:16:10;
飞利浦288E2E,1699.00元,商品编号:100013265438;商品毛重:8.42kg;商品产地:中国大陆;屏幕尺寸:28-30英寸;分辨率:3840*2160dpi;对比度:1000:1;响应时间:2ms-4ms;屏幕刷新率:60Hz;售后服务:3年质保;面板:IPS技术;接口:DP，HDMI，音频/耳机输出，其他;特性:FreeSync，可壁挂;屏幕比例:16:9;
雷神DQ27C165L,1899.00元,商品编号:100010385557;商品毛重:7.95kg;商品产地:中国大陆;屏幕尺寸:27英寸;HDR:HDR10;分辨率:2560*1440dpi;响应时间:1ms;屏幕刷新率:165Hz;面板:VA;售后服务:3年质保;屏幕比例:16:9;接口:DP，HDMI，音频/耳机输出;特性:G-Sync，FreeSync;曲率:1000R;
三星C27G55TQWC,1899.00元,商品编号:100014744592;商品毛重:6.25kg;商品产地:中国大陆;屏幕尺寸:27英寸;HDR:HDR10;分辨率:2560*1440dpi;对比度:2500:1;屏幕刷新率:144Hz;面板:VA;售后服务:1年质保;屏幕比例:16:9;接口:DP，HDMI;特性:FreeSync;曲率:1000R;
戴尔U2422HX,1799.00元,商品编号:100020087030;商品毛重:7.8kg;商品产地:中国大陆;屏幕尺寸:23.5-24英寸;分辨率:1920*1080dpi;对比度:1000:1;响应时间:5ms;屏幕刷新率:60Hz;售后服务:3年上门;面板:IPS技术;接口:Type-C，DP，HDMI，USB扩展/充电，音频/耳机输出;特性:节能认证，旋转升降底座，TUV爱眼认证，四边微边框;屏幕比例:16:9;
华为HSN-CAA,3499.00元,商品编号:100011355877;商品毛重:9.52kg;商品产地:中国大陆;屏幕尺寸:28-30英寸;屏幕刷新率:60Hz;分辨率:其他;售后服务:1年质保;面板:IPS技术;HDR:HDR400;接口:Type-C，DP，HDMI，音频/耳机输出;
AOCQ2490PXQ,1399.00元,商品编号:5375281;商品毛重:6.6kg;商品产地:中国大陆;屏幕尺寸:23.5-24英寸;分辨率:2560*1440dpi;对比度:1000:1;响应时间:5ms;屏幕刷新率:60Hz;售后服务:3年质保;面板:IPS技术;接口:DP，HDMI，VGA，音频/耳机输出;特性:可壁挂，旋转升降底座;屏幕比例:16:9;
HKCTG34C3U,1999.00元,商品编号:100026096830;商品毛重:9.6kg;商品产地:中国大陆;屏幕尺寸:34-35英寸;分辨率:3440*1440dpi;对比度:3000:1;类型:曲面屏;响应时间:1ms;屏幕刷新率:144Hz;面板:VA;售后服务:3年质保;屏幕比例:21:9;接口:DP，HDMI，音频/耳机输出;特性:旋转升降底座，FreeSync;曲率:1500R;
宇视联合 三星LG京东方液晶拼接屏55英寸监控显示器会议室大屏幕led无缝电视墙直播间背景 无缝拼接屏定制（新一代多规格）,1800.00元,商品编号:72076291631;店铺: 宇视联合官方旗舰店;商品毛重:25.0kg;商品产地:中国大陆;屏幕尺寸:50英寸及以上;屏幕刷新率:60Hz;分辨率:2560*1440dpi;售后服务:1年质保;面板:其他;屏幕比例:16:9;特性:可壁挂，商用大屏显示器，四边微边框;接口:HDMI，USB扩展/充电，音频/耳机输出;
华为ZQE-CBA,2399.00元,商品编号:100021420808;商品毛重:12.86kg;商品产地:中国大陆;屏幕尺寸:34-35英寸;HDR:HDR10;分辨率:3440*1440dpi;对比度:4000:1;屏幕刷新率:165Hz;售后服务:1年质保;面板:VA;接口:DP，HDMI，USB扩展/充电;屏幕比例:21:9;曲率:1500R;
HKCS2716,899.00元,商品编号:100019034176;商品毛重:5.5kg;商品产地:中国大陆;屏幕尺寸:27英寸;分辨率:1920*1080dpi;对比度:1000:1;响应时间:5ms;屏幕刷新率:60Hz;售后服务:3年质保;面板:IPS技术;接口:HDMI，VGA;屏幕比例:16:9;
KKTVK24QB,799.00元,商品编号:100012087833;商品毛重:3.16kg;商品产地:中国大陆;屏幕尺寸:23.5-24英寸;屏幕刷新率:75Hz;分辨率:其他;售后服务:1年质保;面板:其他;接口:HDMI，VGA;
飞利浦275E9,1399.00元,商品编号:100005207393;商品毛重:6.06kg;商品产地:中国大陆;屏幕尺寸:27英寸;分辨率:2560*1440dpi;对比度:1000:1;响应时间:2ms-4ms;屏幕刷新率:60Hz;售后服务:3年质保;面板:IPS（LGD）;接口:DP，HDMI，VGA，音频/耳机输出;特性:可壁挂;屏幕比例:16:9;
HKCT278Q,1199.00元,商品编号:100008800710;商品毛重:6.46kg;商品产地:中国大陆;屏幕尺寸:27英寸;屏幕刷新率:60Hz;分辨率:2560*1440dpi;售后服务:3年质保;面板:IPS技术;对比度:1000:1;屏幕比例:16:9;接口:DP，HDMI，VGA，音频/耳机输出;
夏新（AMOi）夏新ZP32M官方标配,998.00元,商品编号:10040846823281;店铺: 嘉鸿旺电脑办公专营店;商品毛重:4.5kg;商品产地:中国大陆;屏幕尺寸:31.5-32英寸;分辨率:2560*1440dpi;对比度:3000:1;类型:曲面屏;响应时间:2ms-4ms;屏幕刷新率:144Hz;售后服务:1年质保;面板:VA;接口:DP，HDMI，USB扩展/充电，音频/耳机输出;屏幕比例:16:9;
AOCQ2790PC,1799.00元,商品编号:100008700464;商品毛重:8.38kg;商品产地:中国大陆;屏幕尺寸:27英寸;HDR:HDR10;分辨率:2560*1440dpi;屏幕刷新率:75Hz;售后服务:3年质保;面板:IPS技术;接口:Type-C，DP，HDMI，USB扩展/充电，音频/耳机输出;特性:节能认证，旋转升降底座，可壁挂;屏幕比例:16:9;
山水（SANSUI）ZP20ZY,279.00元,商品编号:10038817237288;店铺: 山水显示器旗舰店;商品毛重:2.0kg;屏幕尺寸:21.5英寸及以下;屏幕刷新率:其他;分辨率:其他;售后服务:1年质保;面板:VA;接口:VGA;
三星C27F390FHC,1199.00元,商品编号:2357091;商品毛重:6.28kg;商品产地:中国大陆;屏幕尺寸:27英寸;分辨率:1920*1080dpi;对比度:3000:1;屏幕刷新率:60Hz;面板:VA;售后服务:1年质保;接口:HDMI，VGA;屏幕比例:16:9;特性:FreeSync，可壁挂;曲率:1800R;
明基PD2700U,3599.00元,商品编号:100000507211;商品毛重:9.74kg;商品产地:中国大陆;屏幕尺寸:27英寸;HDR:HDR10;分辨率:3840*2160dpi;屏幕刷新率:60Hz;售后服务:3年质保;面板:IPS技术;接口:DP，HDMI，USB扩展/充电，其他;特性:节能认证，旋转升降底座;屏幕比例:16:9;
三星U32J590UQC,2099.00元,商品编号:7168868;商品毛重:8.3kg;商品产地:中国大陆;屏幕尺寸:31.5-32英寸;分辨率:3840*2160dpi;对比度:3000:1;屏幕刷新率:60Hz;售后服务:1年质保;面板:VA;接口:DP，HDMI，音频/耳机输出;特性:FreeSync;屏幕比例:16:9;
宇视联合 三星LG京东方液晶拼接屏55英寸监控显示器会议室大屏幕led无缝电视墙直播间背景 无缝拼接屏定制（新一代多规格）,1800.00元,商品编号:72076291631;店铺: 宇视联合官方旗舰店;商品毛重:25.0kg;商品产地:中国大陆;屏幕尺寸:50英寸及以上;屏幕刷新率:60Hz;分辨率:2560*1440dpi;售后服务:1年质保;面板:其他;屏幕比例:16:9;特性:可壁挂，商用大屏显示器，四边微边框;接口:HDMI，USB扩展/充电，音频/耳机输出;
AOCQ2790PC,1799.00元,商品编号:100008700464;商品毛重:8.38kg;商品产地:中国大陆;屏幕尺寸:27英寸;HDR:HDR10;分辨率:2560*1440dpi;屏幕刷新率:75Hz;售后服务:3年质保;面板:IPS技术;接口:Type-C，DP，HDMI，USB扩展/充电，音频/耳机输出;特性:节能认证，旋转升降底座，可壁挂;屏幕比例:16:9;
山水（SANSUI）ZP20ZY,279.00元,商品编号:10038817237288;店铺: 山水显示器旗舰店;商品毛重:2.0kg;屏幕尺寸:21.5英寸及以下;屏幕刷新率:其他;分辨率:其他;售后服务:1年质保;面板:VA;接口:VGA;
三星C27F390FHC,1199.00元,商品编号:2357091;商品毛重:6.28kg;商品产地:中国大陆;屏幕尺寸:27英寸;分辨率:1920*1080dpi;对比度:3000:1;屏幕刷新率:60Hz;面板:VA;售后服务:1年质保;接口:HDMI，VGA;屏幕比例:16:9;特性:FreeSync，可壁挂;曲率:1800R;
明基PD2700U,3599.00元,商品编号:100000507211;商品毛重:9.74kg;商品产地:中国大陆;屏幕尺寸:27英寸;HDR:HDR10;分辨率:3840*2160dpi;屏幕刷新率:60Hz;售后服务:3年质保;面板:IPS技术;接口:DP，HDMI，USB扩展/充电，其他;特性:节能认证，旋转升降底座;屏幕比例:16:9;
三星U32J590UQC,2099.00元,商品编号:7168868;商品毛重:8.3kg;商品产地:中国大陆;屏幕尺寸:31.5-32英寸;分辨率:3840*2160dpi;对比度:3000:1;屏幕刷新率:60Hz;售后服务:1年质保;面板:VA;接口:DP，HDMI，音频/耳机输出;特性:FreeSync;屏幕比例:16:9;
KKTVK27QH,869.00元,商品编号:100016749870;商品毛重:4.44kg;商品产地:中国大陆;屏幕尺寸:27英寸;屏幕刷新率:其他;分辨率:其他;售后服务:1年质保;面板:其他;接口:HDMI，VGA;
AOC24N1H,999.00元,商品编号:8441866;商品毛重:4.46kg;商品产地:中国大陆;屏幕尺寸:23.5-24英寸;屏幕刷新率:75Hz;分辨率:1920*1080dpi;售后服务:3年质保;面板:IPS（LGD）;屏幕比例:16:9;接口:HDMI，VGA，音频/耳机输出;
创维24X3,799.00元,商品编号:100007074539;商品毛重:4.72kg;商品产地:中国大陆;屏幕尺寸:23.5-24英寸;屏幕刷新率:75Hz;分辨率:1920*1080dpi;售后服务:3年上门，3年质保;面板:IPS技术;屏幕比例:16:9;接口:HDMI，VGA;
飞利浦275M8RZ,1799.00元,商品编号:100006208239;商品毛重:6.81kg;商品产地:中国大陆;屏幕尺寸:27英寸;HDR:HDR400;分辨率:2560*1440dpi;对比度:1000:1;响应时间:1ms;屏幕刷新率:165Hz;售后服务:3年质保;面板:IPS技术;接口:DP，HDMI，音频/耳机输出;特性:可壁挂，G-Sync;屏幕比例:16:9;
创维27X4,899.00元,商品编号:100023014788;商品毛重:5.15kg;商品产地:中国大陆;屏幕尺寸:27英寸;屏幕刷新率:75Hz;分辨率:1920*1080dpi;售后服务:3年上门，3年质保;面板:IPS技术;对比度:1000:1;屏幕比例:16:9;接口:HDMI，VGA;
惠普X27q,2099.00元,商品编号:100011561653;商品毛重:9.82kg;商品产地:中国大陆;货号:2V7U4AA;屏幕尺寸:27英寸;屏幕刷新率:165Hz;分辨率:2560*1440dpi;售后服务:3年质保;面板:IPS (Fast);响应时间:1ms;屏幕比例:16:9;接口:DP，HDMI，音频/耳机输出;
康佳KKTV显示器电脑显示屏便携全面屏24英寸屏幕144Hz高清曲面电竞液晶显示屏 【24英寸 全面屏】直面 黑色,699.00元,商品编号:70412332125;店铺: KKTV显示器旗舰店;商品毛重:4.0kg;商品产地:中国大陆;屏幕尺寸:23.5-24英寸;分辨率:1920*1080dpi;响应时间:2ms-4ms;屏幕刷新率:其他;面板:其他;售后服务:1年质保;屏幕比例:16:9;接口:HDMI，VGA;特性:可壁挂;曲率:1800R;
AOCQ27P1U,1499.00元,商品编号:7191758;商品毛重:8.3kg;商品产地:中国大陆;屏幕尺寸:27英寸;分辨率:2560*1440dpi;对比度:1000:1;响应时间:5ms;屏幕刷新率:60Hz;售后服务:3年上门，3年质保;面板:IPS技术;接口:DP，HDMI，VGA，USB扩展/充电，音频/耳机输出;特性:节能认证，旋转升降底座;屏幕比例:16:9;
AOCI2790PC,1349.00元,商品编号:100015151004;商品毛重:7.7kg;商品产地:中国大陆;屏幕尺寸:27英寸;分辨率:1920*1080dpi;对比度:1000:1;响应时间:2ms-4ms;屏幕刷新率:75Hz;售后服务:3年质保;面板:IPS（LGD）;接口:Type-C，HDMI，VGA，音频/耳机输出;特性:节能认证，旋转升降底座，FreeSync，可壁挂;屏幕比例:16:9;
飞利浦271E1,999.00元,商品编号:100003804525;商品毛重:6.63kg;商品产地:中国大陆;屏幕尺寸:27英寸;分辨率:1920*1080dpi;对比度:1000:1;响应时间:2ms-4ms;屏幕刷新率:75Hz;售后服务:3年质保;面板:IPS（LGD）;接口:HDMI，VGA，音频/耳机输出;特性:可壁挂;屏幕比例:16:9;
AOCU27U2DS,3799.00元,商品编号:100013814783;商品毛重:8.4kg;商品产地:中国大陆;屏幕尺寸:27英寸;分辨率:3840*2160dpi;响应时间:2ms-4ms;屏幕刷新率:60Hz;售后服务:3年质保;面板:IPS（Nano）;接口:Type-C，DP，HDMI，USB扩展/充电，音频/耳机输出;特性:节能认证，旋转升降底座;屏幕比例:16:9;
AOCC27G2Z,1599.00元,商品编号:100006113189;商品毛重:7.8kg;商品产地:中国大陆;屏幕尺寸:27英寸;分辨率:1920*1080dpi;对比度:3000:1;响应时间:0.5ms;屏幕刷新率:240Hz及以上;面板:VA;售后服务:3年质保;接口:DP，HDMI，音频/耳机输出;屏幕比例:16:9;特性:旋转升降底座，FreeSync;曲率:1500R;
夏新（AMOi）夏新ZP32M官方标配,998.00元,商品编号:10040846823281;店铺: 嘉鸿旺电脑办公专营店;商品毛重:4.5kg;商品产地:中国大陆;屏幕尺寸:31.5-32英寸;分辨率:2560*1440dpi;对比度:3000:1;类型:曲面屏;响应时间:2ms-4ms;屏幕刷新率:144Hz;售后服务:1年质保;面板:VA;接口:DP，HDMI，USB扩展/充电，音频/耳机输出;屏幕比例:16:9;
KKTVK24ZH,699.00元,商品编号:100023265760;商品毛重:3.35kg;商品产地:中国大陆;屏幕尺寸:23.5-24英寸;屏幕刷新率:75Hz;分辨率:其他;售后服务:1年质保;面板:其他;接口:HDMI，VGA;
雷神F27H144F,1099.00元,商品编号:100006106645;商品毛重:5.85kg;商品产地:中国大陆;屏幕尺寸:27英寸;分辨率:1920*1080dpi;对比度:1000:1;响应时间:1ms;屏幕刷新率:144Hz;售后服务:3年质保;面板:IPS技术;接口:DP，HDMI，其他;屏幕比例:16:9;
明基BL2480T,1249.00元,商品编号:8358211;商品毛重:7.2kg;商品产地:中国大陆;屏幕尺寸:23.5-24英寸;屏幕刷新率:60Hz;分辨率:1920*1080dpi;售后服务:3年质保;面板:IPS技术;屏幕比例:16:9;特性:节能认证，旋转升降底座;接口:DP，HDMI，VGA，音频/耳机输出;
LecooM2814PL,1499.00元,商品编号:100021739774;商品毛重:9.3kg;商品产地:中国大陆;屏幕尺寸:28-30英寸;HDR:HDR10;分辨率:3840*2160dpi;对比度:1000:1;屏幕刷新率:60Hz;售后服务:1年质保;面板:IPS技术;接口:Type-C，DP，HDMI，USB扩展/充电，音频/耳机输出;特性:旋转升降底座;屏幕比例:16:9;
KKTVK24QH,799.00元,商品编号:100012087835;商品毛重:3.42kg;商品产地:中国大陆;屏幕尺寸:23.5-24英寸;屏幕刷新率:75Hz;分辨率:其他;售后服务:1年质保;面板:其他;接口:HDMI，VGA;
康佳KKTV 18.5/24英寸电脑显示器21.5高清电竞游戏家用办公PS4液晶监控小型屏幕HDMI 18.5英寸直面黑色60Hz,429.00元,商品编号:10020031171938;店铺: KKTV新森专卖店;商品毛重:4.0kg;屏幕尺寸:21.5英寸及以下;屏幕刷新率:60Hz;分辨率:其他;售后服务:1年质保;面板:其他;接口:VGA;
AOCQ32G3S,2399.00元,商品编号:100026819204;商品毛重:10.52kg;商品产地:中国大陆;屏幕尺寸:31.5-32英寸;HDR:HDR10;分辨率:2560*1440dpi;对比度:1000:1;响应时间:1ms;屏幕刷新率:165Hz;售后服务:3年质保;面板:IPS (Fast);接口:DP，HDMI，音频/耳机输出;特性:旋转升降底座，FreeSync;屏幕比例:16:9;
飞利浦243E1EW ,1049.00元,商品编号:100013039673;商品毛重:6.05kg;商品产地:中国大陆;屏幕尺寸:23.5-24英寸;分辨率:1920*1080dpi;对比度:1000:1;响应时间:2ms-4ms;屏幕刷新率:75Hz;售后服务:3年质保;面板:IPS技术;接口:Type-C，DP，HDMI，VGA，音频/耳机输出;特性:可壁挂，节能认证，旋转升降底座;屏幕比例:16:9;
戴尔U2722DX,2699.00元,商品编号:100020087046;商品毛重:9.3kg;商品产地:中国大陆;屏幕尺寸:27英寸;分辨率:2560*1440dpi;对比度:1000:1;响应时间:5ms;屏幕刷新率:60Hz;售后服务:3年质保;面板:IPS技术;接口:Type-C，DP，HDMI，USB扩展/充电，音频/耳机输出;特性:节能认证，旋转升降底座，TUV爱眼认证，四边微边框;屏幕比例:16:9;
SANC 24英寸144hz显示器IPS高清台式电脑超薄电竞吃鸡游戏 液晶屏幕N50Pro2代不漏光 24英寸电竞屏,999.00元,商品编号:10032363051114;店铺: SANC显示器旗舰店;商品毛重:4.0kg;商品产地:中国大陆;屏幕尺寸:23.5-24英寸;分辨率:1920*1080dpi;对比度:1000:1;响应时间:1ms;屏幕刷新率:144Hz;售后服务:3年质保;面板:IPS技术;接口:DP，HDMI，VGA，音频/耳机输出;屏幕比例:16:9;
【二手99新】 电脑显示器19/22/24/27/32寸曲面2K 4K 144HZ无边框监控屏屏幕 19寸黑色VGA,299.00元,商品编号:34184930584;店铺: 网际二手电脑专营店;商品毛重:100.00g;商品产地:中国大陆;
雷神F27H144F,1099.00元,商品编号:100006106645;商品毛重:5.85kg;商品产地:中国大陆;屏幕尺寸:27英寸;分辨率:1920*1080dpi;对比度:1000:1;响应时间:1ms;屏幕刷新率:144Hz;售后服务:3年质保;面板:IPS技术;接口:DP，HDMI，其他;屏幕比例:16:9;
华为HSN-CBA,4199.00元,商品编号:100021420806;商品毛重:9.55kg;商品产地:中国大陆;屏幕尺寸:28-30英寸;屏幕刷新率:60Hz;分辨率:其他;售后服务:1年质保;面板:IPS技术;HDR:HDR400;特性:无线投屏;接口:Type-C，DP，HDMI，USB扩展/充电，音频/耳机输出;
AOCU28P2U/BS,2099.00元,商品编号:100014278224;商品毛重:8.9kg;商品产地:中国大陆;屏幕尺寸:28-30英寸;分辨率:3840*2160dpi;对比度:1000:1;响应时间:2ms-4ms;屏幕刷新率:60Hz;售后服务:3年质保;面板:IPS技术;接口:DP，HDMI，USB扩展/充电，音频/耳机输出;特性:可壁挂，节能认证，旋转升降底座;屏幕比例:16:9;
AOC24G2,1299.00元,商品编号:56498522031;店铺: AOC显示器旗舰店;商品毛重:5.86kg;商品产地:中国大陆;屏幕尺寸:23.5-24英寸;分辨率:1920*1080dpi;对比度:1000:1;响应时间:1ms;屏幕刷新率:144Hz;售后服务:3年质保;面板:IPS技术;接口:DP，HDMI，VGA，音频/耳机输出;屏幕比例:16:9;
AOCU28G2X,3999.00元,商品编号:100023727676;商品毛重:8.55kg;商品产地:中国大陆;屏幕尺寸:28-30英寸;HDR:HDR400;分辨率:3840*2160dpi;对比度:1000:1;响应时间:1ms;屏幕刷新率:144Hz;售后服务:3年质保;面板:IPS (Fast);接口:DP，HDMI，音频/耳机输出;特性:旋转升降底座，FreeSync;屏幕比例:16:9;
创维F40G50Q,2499.00元,商品编号:100027521616;商品毛重:13.9kg;商品产地:中国大陆;屏幕尺寸:38.5-39英寸;屏幕刷新率:144Hz;分辨率:3440*1440dpi;售后服务:3年上门，3年质保;面板:IPS技术;屏幕比例:21:9;HDR:HDR400;接口:DP，HDMI，音频/耳机输出;
Redmi小米显示器23.8/27/34英寸显示屏电脑显示器低蓝光电脑屏幕红米显示器 23.8英寸Redmi显示器,849.00元,商品编号:10027902243856;店铺: 小米岸越专卖店;商品毛重:3.74kg;商品产地:中国大陆;屏幕尺寸:23.5-24英寸;屏幕刷新率:60Hz;分辨率:1920*1080dpi;售后服务:3年质保;面板:IPS技术;屏幕比例:16:9;接口:HDMI，VGA;
三星S32AM700UC,2299.00元,商品编号:100016327460;商品毛重:8.4kg;商品产地:中国大陆;屏幕尺寸:31.5-32英寸;分辨率:3840*2160dpi;对比度:3000:1;屏幕刷新率:60Hz;售后服务:1年质保;面板:VA;接口:Type-C，HDMI，USB扩展/充电;特性:无线投屏;屏幕比例:16:9;
联想（Lenovo）显示器,899.00元,商品编号:55669886704;商品毛重:5.0kg;商品产地:中国大陆;屏幕尺寸:23.5-24英寸;屏幕刷新率:75Hz;分辨率:1920*1080dpi;售后服务:1年质保;面板:VA;特性:可壁挂，FreeSync;接口:HDMI，VGA，音频/耳机输出;
攀升E270i,799.00元,商品编号:100014750080;商品毛重:5.01kg;商品产地:中国大陆;屏幕尺寸:27英寸;分辨率:1920*1080dpi;对比度:1000:1;屏幕刷新率:75Hz;售后服务:3年质保;面板:IPS技术;接口:HDMI，VGA;特性:可壁挂;屏幕比例:16:9;
三星S24AG322NC,1349.00元,商品编号:100014754407;商品毛重:6.8kg;商品产地:中国大陆;屏幕尺寸:23.5-24英寸;分辨率:1920*1080dpi;对比度:3000:1;响应时间:1ms;屏幕刷新率:165Hz;售后服务:1年质保;面板:VA;接口:DP，HDMI;特性:旋转升降底座，FreeSync;屏幕比例:16:9;
泰坦军团C30SK PLUS,1249.00元,商品编号:100004674016;商品毛重:7.06kg;商品产地:中国大陆;屏幕尺寸:28-30英寸;分辨率:2560*1080dpi;对比度:3000:1;类型:曲面屏;响应时间:2ms-4ms;屏幕刷新率:100Hz;售后服务:3年质保;面板:VA;接口:DP，HDMI，音频/耳机输出;屏幕比例:21:9;曲率:1800R;
KKTV/,759.00元,商品编号:10034472907669;店铺: KKTV显示器旗舰店;商品毛重:4.5kg;屏幕尺寸:23.5-24英寸;屏幕刷新率:144Hz;分辨率:其他;售后服务:1年质保;面板:其他;接口:DP，HDMI;
夏新（Amoi）SJ240E4,349.00元,商品编号:70219922026;店铺: 夏新电脑显示器旗舰店;商品毛重:3.0kg;屏幕尺寸:21.5英寸及以下;分辨率:其他;响应时间:2ms-4ms;屏幕刷新率:60Hz;售后服务:1年质保;面板:其他;接口:VGA;特性:可壁挂;屏幕比例:16:10;
金正(NINTAUS)24英寸曲面22电脑显示器屏幕144HZ电竞27游戏2K高清HDMI液晶32 22英寸直黑HDMI+VGA 75HZ,429.00元,商品编号:10030821647823;店铺: 金正电脑显示器旗舰店;商品毛重:3.2kg;商品产地:中国大陆;屏幕尺寸:22-23英寸;分辨率:其他;对比度:1000:1;响应时间:2ms-4ms;屏幕刷新率:75Hz;售后服务:1年质保;面板:VA;接口:HDMI，VGA;屏幕比例:16:9;
雕塑家MF156LN,999.00元,商品编号:100005976169;商品毛重:1.72kg;商品产地:中国大陆;货号:MF156LN;屏幕尺寸:21.5英寸及以下;HDR:HDR10;分辨率:1920*1080dpi;对比度:800:1;响应时间:5ms;屏幕刷新率:60Hz;售后服务:1年质保;面板:IPS技术;接口:Type-C，HDMI，音频/耳机输出;特性:内置音箱，FreeSync;屏幕比例:16:9;
优派VX2880-4K-HDU-2,1799.00元,商品编号:100027588320;商品毛重:9.28kg;商品产地:中国大陆;屏幕尺寸:28-30英寸;HDR:HDR400;分辨率:3840*2160dpi;对比度:1000:1;响应时间:5ms;屏幕刷新率:60Hz;售后服务:3年质保;面板:IPS技术;接口:Type-C，DP，HDMI，USB扩展/充电，音频/耳机输出;特性:可壁挂，旋转升降底座;屏幕比例:16:9;
戴尔DELL 17/19英寸5:4正屏商用液晶显示器 电脑显示屏幕 E1715S,849.00元,商品编号:71877669229;店铺: 联众创业显示器专营店;商品毛重:3.76kg;售后服务:3年上门，3年质保;
星惠佳  19英寸窄边直面显示器台式电脑商务办公游戏液晶显示屏,299.00元,商品编号:55341304569;店铺: 星惠佳电脑旗舰店;商品毛重:4.0kg;售后服务:1年质保;
三星S27A600UUC,2299.00元,商品编号:100021538780;商品毛重:8.35kg;商品产地:中国大陆;屏幕尺寸:27英寸;HDR:HDR10;分辨率:2560*1440dpi;对比度:1000:1;响应时间:5ms;屏幕刷新率:75Hz;售后服务:1年质保;面板:IPS技术;接口:Type-C，DP，HDMI;特性:旋转升降底座，FreeSync;屏幕比例:16:9;
华为MateView GT 27英寸,1599.00元,商品编号:100014089199;商品毛重:10.45kg;商品产地:中国大陆;屏幕尺寸:27英寸;分辨率:2560*1440dpi;对比度:4000:1;类型:曲面屏;屏幕刷新率:165Hz;售后服务:1年质保;面板:VA;接口:DP，HDMI，USB扩展/充电;屏幕比例:16:9;
三星F27T352FHC,1099.00元,商品编号:100014719950;商品毛重:4.95kg;商品产地:中国大陆;屏幕尺寸:27英寸;分辨率:1920*1080dpi;对比度:1000:1;响应时间:5ms;屏幕刷新率:75Hz;售后服务:1年质保;面板:IPS技术;接口:HDMI，VGA;特性:FreeSync，可壁挂;屏幕比例:16:9;
AOCI2490PXC,1249.00元,商品编号:100008522091;商品毛重:6.5kg;商品产地:中国大陆;屏幕尺寸:23.5-24英寸;分辨率:1920*1080dpi;对比度:1000:1;响应时间:2ms-4ms;屏幕刷新率:75Hz;售后服务:3年质保;面板:IPS技术;接口:Type-C，HDMI，VGA，音频/耳机输出;特性:节能认证，旋转升降底座，FreeSync，可壁挂;屏幕比例:16:9;
飞利浦278E1,1699.00元,商品编号:100010373850;商品毛重:7.0kg;商品产地:中国大陆;屏幕尺寸:27英寸;分辨率:3840*2160dpi;对比度:1000:1;响应时间:2ms-4ms;屏幕刷新率:60Hz;售后服务:3年质保;面板:IPS技术;接口:DP，HDMI，音频/耳机输出;特性:可壁挂;屏幕比例:16:9;
雷神LQ27F165L,2499.00元,商品编号:100024253338;商品毛重:9.67kg;商品产地:中国大陆;屏幕尺寸:27英寸;HDR:HDR400;分辨率:2560*1440dpi;对比度:1000:1;响应时间:1ms;屏幕刷新率:165Hz;售后服务:3年质保;面板:IPS (Fast);接口:DP，HDMI，音频/耳机输出;特性:旋转升降底座，G-Sync，FreeSync，可壁挂;屏幕比例:16:9;
AOCAG273QXP,2899.00元,商品编号:100011357632;商品毛重:11.88kg;商品产地:中国大陆;屏幕尺寸:27英寸;HDR:HDR400;分辨率:2560*1440dpi;对比度:1000:1;响应时间:1ms;屏幕刷新率:170Hz;售后服务:3年质保;面板:IPS（Nano）;接口:DP，HDMI，USB扩展/充电，音频/耳机输出;特性:旋转升降底座，FreeSync;屏幕比例:16:9;
华硕（ASUS）XG279Q,3999.00元,商品编号:63281232267;商品毛重:10.12kg;商品产地:中国大陆;货号:90LM05D0-B01360;屏幕尺寸:27英寸;屏幕刷新率:170Hz;分辨率:2560*1440dpi;售后服务:3年质保;面板:IPS技术;屏幕比例:16:9;特性:可壁挂，内置音箱，旋转升降底座，G-Sync;接口:DP，HDMI，USB扩展/充电，音频/耳机输出;
联想（Lenovo）家用商务网课办公显示器 联想LI2054(19.5英寸),799.00元,商品编号:64427979244;店铺: 联想新腾台式机专卖店;商品毛重:6.0kg;商品产地:中国大陆;屏幕尺寸:21.5英寸及以下;屏幕刷新率:60Hz;分辨率:其他;售后服务:1年质保;面板:VA;接口:VGA;
惠普M24f,999.00元,商品编号:100019734616;商品毛重:4.6kg;商品产地:中国大陆;货号:2E2Y4AA;屏幕尺寸:23.5-24英寸;屏幕刷新率:75Hz;分辨率:1920*1080dpi;售后服务:3年质保;面板:IPS技术;响应时间:5ms;屏幕比例:16:9;接口:HDMI，VGA;
AOCE970SWN,749.00元,商品编号:968651;商品毛重:2.7kg;商品产地:中国大陆;屏幕尺寸:21.5英寸及以下;分辨率:其他;对比度:600:1;响应时间:5ms;屏幕刷新率:60Hz;售后服务:3年质保;面板:TN;接口:VGA;特性:其他，可壁挂;屏幕比例:16:9;
夏新Amoi 电脑显示器高清4K护眼IPS家用2K办公电竞游戏144H液晶VGA监控显示屏幕 27英寸曲面【全面屏】白色 1,769.00元,商品编号:63692964614;店铺: 夏新电脑显示器旗舰店;商品毛重:4.5kg;商品产地:中国大陆;屏幕尺寸:27英寸;屏幕刷新率:60Hz;分辨率:1920*1080dpi;售后服务:1年质保;面板:VA;响应时间:2ms-4ms;屏幕比例:16:9;接口:HDMI，VGA;
联想L24e,899.00元,商品编号:100010699301;商品毛重:4.95kg;商品产地:中国大陆;屏幕尺寸:23.5-24英寸;分辨率:1920*1080dpi;对比度:3000:1;响应时间:2ms-4ms;屏幕刷新率:75Hz;售后服务:1年质保;面板:VA;接口:HDMI，VGA;特性:FreeSync，可壁挂;屏幕比例:16:9;
飞利浦（PHILIPS ）342E2E,1699.00元,商品编号:71572813694;店铺: 飞利浦显示器旗舰店;商品毛重:10.74kg;商品产地:中国大陆;货号:342E2E;屏幕尺寸:34-35英寸;分辨率:2560*1080dpi;对比度:1000:1;响应时间:5ms;屏幕刷新率:75Hz;售后服务:3年质保;面板:IPS技术;接口:DP，HDMI，音频/耳机输出;特性:可壁挂，旋转升降底座，FreeSync;屏幕比例:21:9;
HKCSG27QC,1449.00元,商品编号:100004581277;商品毛重:6.2kg;商品产地:中国大陆;屏幕尺寸:27英寸;分辨率:2560*1440dpi;屏幕刷新率:144Hz;面板:VA;售后服务:3年质保;接口:DP，HDMI，音频/耳机输出;屏幕比例:16:9;特性:FreeSync;曲率:1800R;
KOORUI24N1,749.00元,商品编号:100024495336;商品毛重:4.15kg;商品产地:中国大陆;屏幕尺寸:23.5-24英寸;分辨率:1920*1080dpi;对比度:1000:1;响应时间:5ms;屏幕刷新率:75Hz;售后服务:3年质保;面板:IPS技术;接口:HDMI，VGA;特性:节能认证;屏幕比例:16:9;
华硕（ASUS）VG247Q1A,1199.00元,商品编号:53637335670;店铺: 华硕电脑配件专卖店;商品毛重:6.0kg;商品产地:中国大陆;屏幕尺寸:23.5-24英寸;分辨率:1920*1080dpi;对比度:1000:1;响应时间:1ms;屏幕刷新率:165Hz;售后服务:3年质保;面板:VA;接口:DP，HDMI;屏幕比例:16:9;
泰坦军团P34UG,2499.00元,商品编号:100026819202;商品毛重:14.05kg;商品产地:中国大陆;货号:P34UG;屏幕尺寸:34-35英寸;HDR:HDR400;分辨率:3440*1440dpi;对比度:1000:1;响应时间:1ms;屏幕刷新率:144Hz;售后服务:3年质保;面板:IPS技术;接口:Type-C，DP，HDMI，USB扩展/充电，音频/耳机输出;特性:旋转升降底座;屏幕比例:21:9;
夏新（Amoi）SJ240E4,349.00元,商品编号:70219922027;店铺: 夏新电脑显示器旗舰店;商品毛重:3.0kg;屏幕尺寸:21.5英寸及以下;分辨率:其他;响应时间:2ms-4ms;屏幕刷新率:60Hz;售后服务:1年质保;面板:VA;接口:VGA;特性:可壁挂;屏幕比例:16:9;
三星S28AG704NC,4999.00元,商品编号:100023265836;商品毛重:10.1kg;商品产地:中国大陆;屏幕尺寸:28-30英寸;HDR:HDR400;分辨率:3840*2160dpi;对比度:1000:1;响应时间:1ms;屏幕刷新率:144Hz;售后服务:1年质保;面板:IPS技术;接口:DP;特性:旋转升降底座，FreeSync;屏幕比例:16:9;
联想（Lenovo）联想,1499.00元,商品编号:68345548349;商品毛重:5.38kg;屏幕尺寸:23.5-24英寸;屏幕刷新率:75Hz;分辨率:2560*1440dpi;售后服务:1年质保;面板:IPS技术;屏幕比例:16:9;接口:DP，HDMI;
AOCI2490PXZ,1199.00元,商品编号:5514525;商品毛重:6.5kg;商品产地:中国大陆;屏幕尺寸:23.5-24英寸;分辨率:1920*1080dpi;对比度:1000:1;响应时间:5ms;屏幕刷新率:60Hz;售后服务:3年质保;面板:IPS（LGD）;接口:DP，HDMI，DVI，VGA，音频/耳机输出;特性:四边微边框，旋转升降底座，可壁挂;屏幕比例:16:9;
夏新（Amoi）22曲面电脑24显示器2K超薄高清护眼144HZ家用办公游戏液晶监控显示屏幕 24英寸曲面144Hz电竞款【全面屏】黑色,759.00元,商品编号:65559228870;店铺: 夏新电脑显示器旗舰店;商品毛重:4.0kg;屏幕尺寸:23.5-24英寸;分辨率:1920*1080dpi;响应时间:2ms-4ms;屏幕刷新率:144Hz;售后服务:1年质保;面板:TN;接口:DP，HDMI;特性:可壁挂;屏幕比例:16:9;
创维27X4,899.00元,商品编号:100023014788;商品毛重:5.15kg;商品产地:中国大陆;屏幕尺寸:27英寸;屏幕刷新率:75Hz;分辨率:1920*1080dpi;售后服务:3年上门，3年质保;面板:IPS技术;对比度:1000:1;屏幕比例:16:9;接口:HDMI，VGA;
乐歌F8A,299.00元,商品编号:5789579;商品毛重:3.48kg;商品产地:中国大陆;安装方式:桌夹式;适配类型:有孔显示器;支架屏数:单屏;工作原理:气弹式;类别:支架;
三星F24T352FHC,999.00元,商品编号:100014719932;商品毛重:4.15kg;商品产地:中国大陆;屏幕尺寸:23.5-24英寸;分辨率:1920*1080dpi;对比度:1000:1;响应时间:5ms;屏幕刷新率:75Hz;售后服务:1年质保;面板:IPS技术;接口:HDMI，VGA;屏幕比例:16:9;
夏新（Amoi）22曲面电脑24显示器2K超薄高清护眼144HZ家用办公游戏液晶监控显示屏幕 24英寸直面75Hz黑色,599.00元,商品编号:65559228871;店铺: 夏新电脑显示器旗舰店;商品毛重:4.0kg;屏幕尺寸:23.5-24英寸;屏幕刷新率:75Hz;分辨率:1920*1080dpi;售后服务:1年质保;响应时间:2ms-4ms;面板:VA;接口:HDMI，VGA;
华硕（ASUS）VG248QG,1249.00元,商品编号:54204591352;店铺: 华硕电脑配件专卖店;商品毛重:5.2kg;商品产地:中国大陆;屏幕尺寸:23.5-24英寸;屏幕刷新率:165Hz;分辨率:1920*1080dpi;售后服务:3年质保;面板:TN;响应时间:0.5ms;屏幕比例:16:9;接口:DP，HDMI，DVI;
LG27UL850,2999.00元,商品编号:100001728759;商品毛重:9.08kg;商品产地:中国大陆;屏幕尺寸:27英寸;HDR:HDR400;分辨率:3840*2160dpi;对比度:1000:1;响应时间:5ms;屏幕刷新率:60Hz;售后服务:3年质保;面板:IPS技术;接口:Type-C，DP，HDMI，音频/耳机输出;特性:旋转升降底座，FreeSync，内置音箱，可壁挂;屏幕比例:16:9;
剑齿虎（Sabretooth）GAME—F3,1000.00元,商品编号:10030381493714;店铺: 剑齿虎显示器旗舰店;商品毛重:5.7kg;商品产地:中国大陆;屏幕尺寸:23.5-24英寸;分辨率:1920*1080dpi;对比度:1000:1;响应时间:5ms;屏幕刷新率:144Hz;售后服务:3年质保;面板:IPS技术;接口:DP，HDMI，DVI，VGA，音频/耳机输出;特性:旋转升降底座，FreeSync;屏幕比例:16:9;
长城19CL73DLIF,639.00元,商品编号:2891405;商品毛重:2.84kg;商品产地:中国大陆;屏幕尺寸:21.5英寸及以下;分辨率:其他;对比度:700:1;响应时间:5ms;屏幕刷新率:60Hz;售后服务:3年质保;面板:TN;接口:DVI，VGA;特性:节能认证;屏幕比例:16:9;
飞利浦（PHILIPS ）223系列,799.00元,商品编号:64264330487;店铺: 飞利浦显示器旗舰店;商品毛重:3.84kg;商品产地:中国大陆;货号:223系列;屏幕尺寸:21.5英寸及以下;分辨率:1920*1080dpi;对比度:1000:1;响应时间:5ms;屏幕刷新率:60Hz;售后服务:3年质保;面板:TN;接口:VGA;特性:可壁挂;屏幕比例:16:9;
华硕（ASUS）VG259QM,2349.00元,商品编号:66618777055;店铺: 华硕电脑配件专卖店;商品毛重:7.26kg;屏幕尺寸:24.5-26.9英寸;HDR:HDR400;分辨率:1920*1080dpi;对比度:1000:1;响应时间:1ms;屏幕刷新率:240Hz及以上;售后服务:3年质保;面板:IPS技术;接口:DP，HDMI，音频/耳机输出;屏幕比例:16:9;
夏新Amoi 电脑显示器高清4K护眼IPS家用2K办公电竞游戏144H液晶VGA监控显示屏幕 32英寸曲面75Hz【全面屏】白色 1,899.00元,商品编号:63690000659;店铺: 夏新电脑显示器旗舰店;商品毛重:4.5kg;商品产地:中国大陆;屏幕尺寸:31.5-32英寸;屏幕刷新率:75Hz;分辨率:1920*1080dpi;售后服务:1年质保;面板:VA;响应时间:2ms-4ms;屏幕比例:16:9;接口:DP，HDMI，USB扩展/充电，音频/耳机输出;
松人（SONGREN）270M4FCBKVSR,899.00元,商品编号:62770302406;店铺: 松人数码旗舰店;商品毛重:5.0kg;屏幕尺寸:27英寸;屏幕刷新率:144Hz;分辨率:1920*1080dpi;售后服务:3年质保;面板:VA;屏幕比例:16:9;接口:DP，HDMI，USB扩展/充电，音频/耳机输出;
BOECA27D0,1399.00元,商品编号:100007644505;商品毛重:6.42kg;商品产地:中国大陆;屏幕尺寸:27英寸;屏幕刷新率:75Hz;分辨率:2560*1440dpi;售后服务:3年上门，3年质保;面板:IPS技术;屏幕比例:16:9;特性:节能认证;接口:Type-C，DP，HDMI，USB扩展/充电，音频/耳机输出;
夏新（Amoi）24电脑显示器高清4K家用2K办公电竞游戏144H超薄液晶监控27曲面屏幕IPS 22英寸直面窄边框75HZ黑色,468.00元,商品编号:10030789875267;店铺: 德庆电脑办公专营店;商品毛重:10.0kg;屏幕尺寸:22-23英寸;屏幕刷新率:75Hz;分辨率:其他;售后服务:3年质保;面板:VA;接口:HDMI，VGA;
小米（MI）Redmi 1A 23.8英寸,899.00元,商品编号:70083252184;店铺: 科族数码专营店;商品毛重:3.75kg;商品产地:中国大陆;屏幕尺寸:23.5-24英寸;屏幕刷新率:60Hz;分辨率:1920*1080dpi;售后服务:3年质保;面板:IPS技术;屏幕比例:16:9;接口:HDMI，VGA;
外星人（alienware）AW2721D,7999.00元,商品编号:10022867437301;店铺: 外星人官方旗舰店;商品毛重:5.0kg;货号:AW2721D;屏幕尺寸:27英寸;分辨率:2560*1440dpi;对比度:1000:1;响应时间:1ms;屏幕刷新率:240Hz及以上;售后服务:5年质保;面板:IPS技术;接口:HDMI;屏幕比例:16:9;
夏新（Amoi）24电脑显示器办公家用网吧液晶台式显示屏电竞游戏hdmi 22英寸直面黑色,469.00元,商品编号:63816255760;店铺: 夏新电脑显示器旗舰店;商品毛重:4.5kg;商品产地:中国大陆;屏幕尺寸:22-23英寸;屏幕刷新率:60Hz;分辨率:其他;售后服务:1年质保;面板:VA;屏幕比例:16:9;特性:可壁挂;接口:HDMI，VGA;
小米（MI）RMMNT238NF,849.00元,商品编号:70838888843;店铺: 千百回数码旗舰店;商品毛重:3.0kg;屏幕尺寸:23.5-24英寸;屏幕刷新率:60Hz;分辨率:1920*1080dpi;售后服务:3年质保;面板:IPS技术;对比度:1000:1;接口:HDMI，VGA;
威普森WPS-F1900-E ,450.00元,商品编号:100012295909;商品毛重:2.8kg;商品产地:中国大陆;屏幕尺寸:21.5英寸及以下;屏幕刷新率:其他;分辨率:其他;售后服务:1年质保;面板:其他;接口:HDMI，VGA，USB扩展/充电，音频/耳机输出;
华硕（ASUS）VG247Q1A,1199.00元,商品编号:53637335670;店铺: 华硕电脑配件专卖店;商品毛重:6.0kg;商品产地:中国大陆;屏幕尺寸:23.5-24英寸;分辨率:1920*1080dpi;对比度:1000:1;响应时间:1ms;屏幕刷新率:165Hz;售后服务:3年质保;面板:VA;接口:DP，HDMI;屏幕比例:16:9;
BrateckLDA31-112,199.00元,商品编号:5702274;商品毛重:2.115kg;商品产地:中国大陆;货号:LDA31-112;安装方式:壁挂式;特征:曲面适配;支架屏数:单屏;类别:支架;适配类型:有孔显示器;工作原理:气弹式;升降台:气压升降;
夏新（Amoi）22曲面电脑24显示器2K超薄高清护眼144HZ家用办公游戏液晶监控显示屏幕 24英寸直面75Hz黑色,599.00元,商品编号:65559228871;店铺: 夏新电脑显示器旗舰店;商品毛重:4.0kg;屏幕尺寸:23.5-24英寸;屏幕刷新率:75Hz;分辨率:1920*1080dpi;售后服务:1年质保;响应时间:2ms-4ms;面板:VA;接口:HDMI，VGA;
长城WESCOM显示器 27英寸4K/2K 144Hz电脑曲面屏粉色24电竞165设计32升降IPS 长城24英寸 75Hz高清曲面屏,699.00元,商品编号:10025902573310;店铺: 航向者组装电脑旗舰店;商品毛重:5.0kg;货号:HX061;屏幕尺寸:23.5-24英寸;屏幕刷新率:75Hz;分辨率:1920*1080dpi;售后服务:1年质保;面板:VA;响应时间:2ms-4ms;屏幕比例:16:9;接口:HDMI，VGA;
华硕VG249Q,1249.00元,商品编号:100005290843;商品毛重:7.85kg;商品产地:中国大陆;屏幕尺寸:23.5-24英寸;分辨率:1920*1080dpi;对比度:1000:1;响应时间:1ms;屏幕刷新率:144Hz;售后服务:3年质保;面板:IPS技术;接口:DP，HDMI，VGA;特性:旋转升降底座;屏幕比例:16:9;
华硕 24英寸IPS小金刚165HZ电竞显示器VG259QR/VG249Q1A游戏吃鸡高清电脑显示器 VG259QR,1449.00元,商品编号:59864312494;店铺: 武极电脑DIY旗舰店;商品毛重:9.13kg;货号:XJWLLXSQVG259QR;屏幕尺寸:24.5-26.9英寸;HDR:HDR10;分辨率:1920*1080dpi;响应时间:1ms;屏幕刷新率:165Hz;售后服务:3年质保;面板:IPS技术;接口:DP，HDMI，音频/耳机输出;屏幕比例:16:9;
小米显示器23.8/24.5/27英寸直面屏34英寸曲面屏广视角低蓝光 23.8英寸红米Redmi显示器1A【主推】 官方标配,779.00元,商品编号:68287520025;店铺: 科族数码专营店;商品毛重:3.0kg;商品产地:中国大陆;屏幕尺寸:23.5-24英寸;屏幕刷新率:60Hz;分辨率:1920*1080dpi;售后服务:3年质保;面板:IPS技术;屏幕比例:16:9;接口:HDMI，VGA;
AOCQ27N3C,1999.00元,商品编号:100022675586;商品毛重:8.8kg;商品产地:中国大陆;屏幕尺寸:27英寸;HDR:HDR10;分辨率:2560*1440dpi;对比度:1000:1;响应时间:2ms-4ms;屏幕刷新率:75Hz;售后服务:3年质保;面板:IPS技术;接口:Type-C，DP，HDMI，USB扩展/充电，音频/耳机输出;特性:节能认证，旋转升降底座，FreeSync;屏幕比例:16:9;
夏新Amoi 电脑显示器高清4K护眼IPS家用2K办公电竞游戏144H液晶VGA监控显示屏幕 27英寸曲面【全面屏】白色 1,769.00元,商品编号:63692964614;店铺: 夏新电脑显示器旗舰店;商品毛重:4.5kg;商品产地:中国大陆;屏幕尺寸:27英寸;屏幕刷新率:60Hz;分辨率:1920*1080dpi;售后服务:1年质保;面板:VA;响应时间:2ms-4ms;屏幕比例:16:9;接口:HDMI，VGA;
夏新Amoi 电脑显示器高清4K护眼IPS家用2K办公电竞游戏144H液晶VGA监控显示屏幕 27英寸曲面165Hz【全面屏】黑色 1,899.00元,商品编号:63690000654;店铺: 夏新电脑显示器旗舰店;商品毛重:4.5kg;商品产地:中国大陆;屏幕尺寸:27英寸;屏幕刷新率:165Hz;分辨率:1920*1080dpi;售后服务:1年质保;面板:VA;响应时间:2ms-4ms;屏幕比例:16:9;接口:DP，HDMI;
泰坦军团27G1,1499.00元,商品编号:100017097146;商品毛重:7.76kg;商品产地:中国大陆;货号:27G1;屏幕尺寸:27英寸;HDR:HDR400;分辨率:2560*1440dpi;对比度:1000:1;类型:商用大屏显示器;响应时间:1ms;屏幕刷新率:165Hz;售后服务:3年质保;面板:IPS (Fast);接口:DP，HDMI，音频/耳机输出;特性:旋转升降底座，四边微边框，S+品质认证;屏幕比例:16:9;
三星QE43T,2999.00元,商品编号:100008352225;商品毛重:11.7kg;商品产地:越南;屏幕尺寸:43-46英寸;屏幕刷新率:60Hz;分辨率:3840*2160dpi;售后服务:3年质保;面板:VA;屏幕比例:16:9;特性:可壁挂，内置音箱，节能认证;接口:HDMI，USB扩展/充电;
KOORUI22N1,799.00元,商品编号:100012905969;商品毛重:3.63kg;商品产地:中国大陆;屏幕尺寸:21.5英寸及以下;分辨率:1920*1080dpi;对比度:2500:1;响应时间:5ms;屏幕刷新率:75Hz;售后服务:3年质保;面板:VA;接口:HDMI，VGA;特性:可壁挂，节能认证;屏幕比例:16:9;
夏新（Amoi）22曲面电脑24显示器2K超薄高清护眼144HZ家用办公游戏液晶监控显示屏幕 24英寸曲面144Hz电竞款【全面屏】黑色,759.00元,商品编号:65559228870;店铺: 夏新电脑显示器旗舰店;商品毛重:4.0kg;屏幕尺寸:23.5-24英寸;分辨率:1920*1080dpi;响应时间:2ms-4ms;屏幕刷新率:144Hz;售后服务:1年质保;面板:TN;接口:DP，HDMI;特性:可壁挂;屏幕比例:16:9;
夏新Amoi 电脑显示器高清4K护眼IPS家用2K办公电竞游戏144H液晶VGA监控显示屏幕 27英寸直面【全面屏】白色 1,759.00元,商品编号:63699724113;店铺: 夏新电脑显示器旗舰店;商品毛重:4.5kg;商品产地:中国大陆;屏幕尺寸:27英寸;屏幕刷新率:60Hz;分辨率:1920*1080dpi;售后服务:1年质保;面板:其他;响应时间:2ms-4ms;屏幕比例:16:9;接口:HDMI，VGA;
微星G273QPF,1699.00元,商品编号:100017613850;商品毛重:9.25kg;商品产地:中国;屏幕尺寸:27英寸;分辨率:2560*1440dpi;对比度:1000:1;响应时间:1ms;屏幕刷新率:165Hz;售后服务:3年上门，3年质保;面板:IPS技术;接口:DP，HDMI，音频/耳机输出，其他;特性:G-Sync;屏幕比例:16:9;
三星F27G35TFWC,1499.00元,商品编号:100009042365;商品毛重:8.3kg;商品产地:中国大陆;屏幕尺寸:27英寸;分辨率:1920*1080dpi;对比度:4000:1;响应时间:1ms;屏幕刷新率:144Hz;售后服务:1年质保;面板:VA;接口:HDMI，音频/耳机输出;特性:旋转升降底座，FreeSync，可壁挂;屏幕比例:16:9;
华为（HUAWEI）HUAWEI MateView GT,3599.00元,商品编号:10031574310479;店铺: 华为新通路专卖店;商品毛重:10.0kg;屏幕尺寸:34-35英寸;HDR:HDR10;分辨率:3440*1440dpi;对比度:4000:1;响应时间:2ms-4ms;屏幕刷新率:165Hz;售后服务:1年质保;面板:VA;接口:Type-C，DP，HDMI，音频/耳机输出;屏幕比例:21:9;曲率:1500R;
AOCU32P2C,2699.00元,商品编号:100014947256;商品毛重:12.6kg;商品产地:中国大陆;屏幕尺寸:31.5-32英寸;分辨率:3840*2160dpi;响应时间:2ms-4ms;屏幕刷新率:60Hz;售后服务:3年上门，3年质保;面板:VA;接口:Type-C，DP，HDMI，USB扩展/充电，音频/耳机输出;特性:节能认证，旋转升降底座;屏幕比例:16:9;
雷神银翼LF27F165L,1499.00元,商品编号:100028831470;商品毛重:9.5kg;商品产地:中国大陆;屏幕尺寸:27英寸;分辨率:1920*1080dpi;对比度:1000:1;响应时间:1ms;屏幕刷新率:165Hz;售后服务:3年上门，3年质保;面板:IPS (Fast);接口:DP，HDMI，音频/耳机输出;特性:旋转升降底座，G-Sync，FreeSync，可壁挂;屏幕比例:16:9;
长城19CL73DLIF,639.00元,商品编号:2891405;商品毛重:2.84kg;商品产地:中国大陆;屏幕尺寸:21.5英寸及以下;分辨率:其他;对比度:700:1;响应时间:5ms;屏幕刷新率:60Hz;售后服务:3年质保;面板:TN;接口:DVI，VGA;特性:节能认证;屏幕比例:16:9;
华硕（ASUS）VG248QG,1249.00元,商品编号:54204591352;店铺: 华硕电脑配件专卖店;商品毛重:5.2kg;商品产地:中国大陆;屏幕尺寸:23.5-24英寸;屏幕刷新率:165Hz;分辨率:1920*1080dpi;售后服务:3年质保;面板:TN;响应时间:0.5ms;屏幕比例:16:9;接口:DP，HDMI，DVI;
AOCAOC 27G2,1499.00元,商品编号:49815153469;店铺: 武极电脑DIY旗舰店;商品毛重:4.75kg;货号:XJWLL27G2;屏幕尺寸:27英寸;分辨率:1920*1080dpi;响应时间:1ms;屏幕刷新率:144Hz;售后服务:3年质保;面板:IPS技术;接口:DP，HDMI，VGA，音频/耳机输出;特性:可壁挂，旋转升降底座;屏幕比例:16:9;
华为ZQE-CBA,2399.00元,商品编号:100021420808;商品毛重:12.86kg;商品产地:中国大陆;屏幕尺寸:34-35英寸;HDR:HDR10;分辨率:3440*1440dpi;对比度:4000:1;屏幕刷新率:165Hz;售后服务:1年质保;面板:VA;接口:DP，HDMI，USB扩展/充电;屏幕比例:21:9;曲率:1500R;
创维22X2,679.00元,商品编号:100027521618;商品毛重:3.2kg;商品产地:中国大陆;屏幕尺寸:21.5英寸及以下;屏幕刷新率:75Hz;分辨率:1920*1080dpi;售后服务:3年上门，3年质保;面板:VA;屏幕比例:16:9;接口:HDMI，VGA;
AOCCQ27G3Z,2699.00元,商品编号:100027676438;商品毛重:8.65kg;商品产地:中国大陆;屏幕尺寸:27英寸;HDR:HDR10;分辨率:2560*1440dpi;对比度:3000:1;类型:曲面屏;响应时间:0.5ms;屏幕刷新率:240Hz及以上;接口:DP，HDMI，音频/耳机输出;售后服务:3年质保;屏幕比例:16:9;面板:VA;特性:旋转升降底座，FreeSync;曲率:1000R;
ROG XG27AQ/XG27AQM,3689.00元,商品编号:10026330271711;店铺: 玩家国度ROG官方旗舰店;商品毛重:11.9kg;货号: XG27AQ/XG27AQM;屏幕尺寸:27英寸;HDR:HDR400;分辨率:2560*1440dpi;对比度:1000:1;响应时间:1ms;屏幕刷新率:170Hz;售后服务:3年质保;面板:IPS (Fast);接口:DP，HDMI，USB扩展/充电，音频/耳机输出;特性:内置音箱，旋转升降底座，可壁挂，G-Sync;屏幕比例:16:9;
三星C34G55TWWC,3499.00元,商品编号:100016953088;商品毛重:7.8kg;商品产地:中国大陆;屏幕尺寸:34-35英寸;HDR:HDR10;分辨率:3440*1440dpi;对比度:2500:1;屏幕刷新率:165Hz;面板:VA;售后服务:1年质保;屏幕比例:21:9;接口:HDMI，音频/耳机输出;特性:FreeSync;曲率:1000R;
优派VX3276-4k-MHD,2099.00元,商品编号:100010713575;商品毛重:8.75kg;商品产地:中国大陆;货号:VX3276-4k-MHD;屏幕尺寸:31.5-32英寸;HDR:HDR10;分辨率:3840*2160dpi;响应时间:2ms-4ms;屏幕刷新率:60Hz;售后服务:3年质保;面板:VA;接口:DP，HDMI，音频/耳机输出;特性:可壁挂，内置音箱;屏幕比例:16:9;
康佳KKTV 电脑显示器高清电竞144Hz游戏家用办公吃鸡护眼液晶监控IPS4显示屏幕台式HDMI 24英寸平面黑色【微边框-75Hz】,699.00元,商品编号:10024482778651;店铺: KKTV新森专卖店;商品毛重:4.0kg;屏幕尺寸:23.5-24英寸;屏幕刷新率:75Hz;分辨率:1920*1080dpi;售后服务:1年质保;面板:VA;屏幕比例:16:9;接口:HDMI，VGA;
AOCU32P2C,2699.00元,商品编号:100014947256;商品毛重:12.6kg;商品产地:中国大陆;屏幕尺寸:31.5-32英寸;分辨率:3840*2160dpi;响应时间:2ms-4ms;屏幕刷新率:60Hz;售后服务:3年上门，3年质保;面板:VA;接口:Type-C，DP，HDMI，USB扩展/充电，音频/耳机输出;特性:节能认证，旋转升降底座;屏幕比例:16:9;
华硕（ASUS）VG279Q1A,1499.00元,商品编号:41012080022;店铺: 华硕电脑配件专卖店;商品毛重:6.725kg;商品产地:中国大陆;货号:VG279Q1A;屏幕尺寸:27英寸;屏幕刷新率:165Hz;分辨率:1920*1080dpi;售后服务:3年质保;面板:IPS技术;屏幕比例:16:9;接口:DP，HDMI，音频/耳机输出;
夏新Amoi 电脑显示器高清4K护眼IPS家用2K办公电竞游戏144H液晶VGA监控显示屏幕 27英寸曲面165Hz【全面屏】黑色 1,899.00元,商品编号:63690000654;店铺: 夏新电脑显示器旗舰店;商品毛重:4.5kg;商品产地:中国大陆;屏幕尺寸:27英寸;屏幕刷新率:165Hz;分辨率:1920*1080dpi;售后服务:1年质保;面板:VA;响应时间:2ms-4ms;屏幕比例:16:9;接口:DP，HDMI;
三星C34G55TWWC,3499.00元,商品编号:100016953088;商品毛重:7.8kg;商品产地:中国大陆;屏幕尺寸:34-35英寸;HDR:HDR10;分辨率:3440*1440dpi;对比度:2500:1;屏幕刷新率:165Hz;面板:VA;售后服务:1年质保;屏幕比例:21:9;接口:HDMI，音频/耳机输出;特性:FreeSync;曲率:1000R;
AOCC27G2Z,1599.00元,商品编号:19562689148;店铺: 京天DIY电脑旗舰店;商品毛重:7.8kg;商品产地:中国大陆;货号:C27G2Z;屏幕尺寸:27英寸;分辨率:1920*1080dpi;对比度:3000:1;类型:曲面屏;响应时间:0.5ms;屏幕刷新率:240Hz及以上;面板:VA;售后服务:3年质保;屏幕比例:16:9;接口:DP，HDMI，音频/耳机输出;特性:旋转升降底座，FreeSync;曲率:1500R;
KTCH32S12,1799.00元,商品编号:100015023797;商品毛重:9.495kg;商品产地:中国大陆;屏幕尺寸:31.5-32英寸;HDR:HDR10;分辨率:2560*1440dpi;对比度:3000:1;类型:曲面屏;响应时间:1ms;屏幕刷新率:165Hz;接口:DP，HDMI，音频/耳机输出;售后服务:3年质保;屏幕比例:16:9;面板:VA;特性:旋转升降底座，G-Sync，FreeSync;曲率:1500R;
康佳KKTV 21.5/22英寸台式电脑显示器家用办公游戏电竞薄护眼高清液晶VGA监控屏幕HDMI 18.5英寸平面黑色【窄边框-60Hz】,429.00元,商品编号:70500815363;店铺: KKTV新森专卖店;商品毛重:3.0kg;屏幕尺寸:21.5英寸及以下;屏幕刷新率:60Hz;分辨率:其他;售后服务:1年质保;面板:其他;屏幕比例:16:9;接口:VGA;
飞利浦（PHILIPS ）276E8VJSB,1699.00元,商品编号:42929379842;店铺: 飞利浦显示器旗舰店;商品毛重:6.73kg;商品产地:中国大陆;货号:276E8VJSB;屏幕尺寸:27英寸;分辨率:3840*2160dpi;对比度:1000:1;响应时间:5ms;屏幕刷新率:60Hz;售后服务:3年质保;面板:IPS技术;接口:DP，HDMI，音频/耳机输出;屏幕比例:16:9;
戴尔D2721H,1099.00元,商品编号:100014522304;商品毛重:6.0kg;商品产地:中国大陆;屏幕尺寸:27英寸;分辨率:1920*1080dpi;对比度:1000:1;响应时间:5ms;屏幕刷新率:60Hz;售后服务:3年质保;面板:IPS技术;接口:HDMI，VGA;特性:节能认证，TUV爱眼认证;屏幕比例:16:9;
飞利浦（PHILIPS ）292E2E,1499.00元,商品编号:71444129680;商品毛重:7.67kg;商品产地:中国大陆;货号:292E2E;屏幕尺寸:28-30英寸;分辨率:2560*1080dpi;对比度:1000:1;响应时间:2ms-4ms;屏幕刷新率:75Hz;售后服务:3年质保;面板:IPS技术;接口:DP，HDMI，音频/耳机输出;特性:FreeSync，可壁挂，节能认证;屏幕比例:21:9;
ZOWIE GEARXL2436K,2099.00元,商品编号:100009264171;商品毛重:9.02kg;商品产地:中国大陆;屏幕尺寸:23.5-24英寸;分辨率:1920*1080dpi;对比度:1000:1;响应时间:1ms;屏幕刷新率:144Hz;售后服务:3年质保;面板:TN;接口:DP，HDMI，音频/耳机输出，其他;特性:旋转升降底座;屏幕比例:16:9;
KKTVE55C55,899.00元,商品编号:10037620262242;店铺: KKTV显示器旗舰店;商品毛重:3.0kg;屏幕尺寸:27英寸;屏幕刷新率:165Hz;分辨率:1920*1080dpi;售后服务:1年质保;面板:VA;屏幕比例:16:9;特性:可壁挂;接口:DP，HDMI;
戴尔P2722H,1509.00元,商品编号:100023097680;商品毛重:8.95kg;商品产地:中国大陆;屏幕尺寸:27英寸;分辨率:1920*1080dpi;对比度:1000:1;屏幕刷新率:60Hz;售后服务:3年质保;面板:IPS技术;接口:DP，HDMI，VGA;特性:旋转升降底座;屏幕比例:16:9;
小米显示器23.8/24.5/27英寸直面屏34英寸曲面屏广视角低蓝光 23.8英寸红米Redmi显示器1A【主推】 官方标配,779.00元,商品编号:68287520025;店铺: 科族数码专营店;商品毛重:3.0kg;商品产地:中国大陆;屏幕尺寸:23.5-24英寸;屏幕刷新率:60Hz;分辨率:1920*1080dpi;售后服务:3年质保;面板:IPS技术;屏幕比例:16:9;接口:HDMI，VGA;
AOCCQ27G3Z,2699.00元,商品编号:100027676438;商品毛重:8.65kg;商品产地:中国大陆;屏幕尺寸:27英寸;HDR:HDR10;分辨率:2560*1440dpi;对比度:3000:1;类型:曲面屏;响应时间:0.5ms;屏幕刷新率:240Hz及以上;接口:DP，HDMI，音频/耳机输出;售后服务:3年质保;屏幕比例:16:9;面板:VA;特性:旋转升降底座，FreeSync;曲率:1000R;
华硕（ASUS）VG259QR,1439.00元,商品编号:64854995227;店铺: 华硕电脑配件专卖店;商品毛重:7.1kg;屏幕尺寸:24.5-26.9英寸;屏幕刷新率:165Hz;分辨率:1920*1080dpi;售后服务:3年质保;面板:IPS技术;屏幕比例:16:9;接口:DP，HDMI;
华硕（ASUS）VG289Q1A,1999.00元,商品编号:10025330004867;店铺: 华硕电脑配件专卖店;商品毛重:7.95kg;屏幕尺寸:28-30英寸;HDR:HDR10;分辨率:3840*2160dpi;对比度:1000:1;响应时间:5ms;屏幕刷新率:60Hz;售后服务:3年质保;面板:IPS技术;接口:DP，HDMI，音频/耳机输出;屏幕比例:16:9;
KKTVE55C55,699.00元,商品编号:10037616732342;店铺: KKTV显示器旗舰店;商品毛重:3.0kg;屏幕尺寸:23.5-24英寸;屏幕刷新率:75Hz;分辨率:1920*1080dpi;售后服务:1年质保;面板:VA;屏幕比例:16:9;特性:可壁挂;接口:HDMI，VGA;
AOCAOC 27G2,1499.00元,商品编号:49815153469;店铺: 武极电脑DIY旗舰店;商品毛重:4.75kg;货号:XJWLL27G2;屏幕尺寸:27英寸;分辨率:1920*1080dpi;响应时间:1ms;屏幕刷新率:144Hz;售后服务:3年质保;面板:IPS技术;接口:DP，HDMI，VGA，音频/耳机输出;特性:可壁挂，旋转升降底座;屏幕比例:16:9;
飞利浦（PHILIPS ）275M1RZ,2299.00元,商品编号:67705868126;店铺: 飞利浦显示器旗舰店;商品毛重:8.38kg;商品产地:中国大陆;货号:275M1RZ;屏幕尺寸:27英寸;HDR:HDR10;分辨率:2560*1440dpi;对比度:1000:1;响应时间:1ms;屏幕刷新率:165Hz;售后服务:3年质保;面板:IPS（Nano）;接口:DP，HDMI，USB扩展/充电，音频/耳机输出;特性:可壁挂，内置音箱，旋转升降底座，FreeSync;屏幕比例:16:9;
KTCH27T22,1399.00元,商品编号:100027676442;商品毛重:7.62kg;商品产地:中国大陆;屏幕尺寸:27英寸;HDR:HDR10;分辨率:2560*1440dpi;对比度:1000:1;响应时间:1ms;屏幕刷新率:165Hz;售后服务:3年质保;面板:IPS (Fast);接口:DP，HDMI，音频/耳机输出;特性:可壁挂，旋转升降底座，G-Sync，FreeSync;屏幕比例:16:9;
优派VX2419-4K-HD,2599.00元,商品编号:100023727674;商品毛重:7.3kg;商品产地:中国大陆;货号:VX2419-4K-HD ;屏幕尺寸:23.5-24英寸;HDR:HDR10;分辨率:3840*2160dpi;对比度:1000:1;响应时间:2ms-4ms;屏幕刷新率:60Hz;售后服务:3年质保;面板:IPS技术;接口:DP，HDMI，音频/耳机输出;特性:可壁挂，旋转升降底座;屏幕比例:16:9;
创维G1AF27C,1149.00元,商品编号:100000911929;商品毛重:5.35kg;商品产地:中国大陆;屏幕尺寸:27英寸;屏幕刷新率:165Hz;分辨率:1920*1080dpi;售后服务:3年上门，3年质保;面板:VA;接口:DP，HDMI，音频/耳机输出;屏幕比例:16:9;曲率:1500R;
戴尔（DELL）P2422H,1272.00元,商品编号:1604149839;店铺: 戴尔地升专卖店;商品毛重:7.1kg;商品产地:中国大陆;屏幕尺寸:23.5-24英寸;屏幕刷新率:60Hz;分辨率:1920*1080dpi;售后服务:3年上门，3年质保;面板:IPS技术;屏幕比例:16:9;特性:可壁挂，旋转升降底座;接口:DP，HDMI，VGA，USB扩展/充电;
戴尔（DELL）E2216HV,899.00元,商品编号:10021182300881;商品毛重:4.0kg;屏幕尺寸:21.5英寸及以下;屏幕刷新率:60Hz;分辨率:1920*1080dpi;售后服务:3年质保;面板:TN;屏幕比例:16:9;特性:可壁挂;接口:VGA;
泰坦军团P43UG,3399.00元,商品编号:100018204736;商品毛重:15.3kg;商品产地:中国大陆;货号:P43UG;屏幕尺寸:43-46英寸;HDR:HDR600;分辨率:3840*1080dpi;对比度:1000:1;类型:商用大屏显示器;响应时间:1ms;屏幕刷新率:120Hz;售后服务:3年质保;面板:IPS技术;接口:Type-C，DP，HDMI，USB扩展/充电，音频/耳机输出;特性:旋转升降底座;屏幕比例:32:9;
联想（Lenovo）G系列,1199.00元,商品编号:10036497189930;商品毛重:10.41kg;屏幕尺寸:27英寸;屏幕刷新率:165Hz;分辨率:1920*1080dpi;售后服务:1年质保;面板:VA;屏幕比例:16:9;特性:可壁挂;接口:DP，HDMI，音频/耳机输出;
KOIOSK2721Q,979.00元,商品编号:63135289385;店铺: KOIOS显示器旗舰店;商品毛重:7.1kg;商品产地:中国大陆;屏幕尺寸:27英寸;分辨率:2560*1440dpi;对比度:1000:1;响应时间:5ms;屏幕刷新率:60Hz;售后服务:1年质保;面板:IPS（LGD）;接口:DP，HDMI，USB扩展/充电，音频/耳机输出;屏幕比例:16:9;
戴尔（DELL）D2421H/D2721H,1149.00元,商品编号:67841021457;店铺: 戴尔官方旗舰店;商品毛重:7.0kg;货号:D2421H/D2721H;屏幕尺寸:27英寸;分辨率:1920*1080dpi;对比度:1000:1;响应时间:5ms;屏幕刷新率:60Hz;售后服务:3年上门，3年质保;面板:IPS技术;接口:HDMI，VGA;屏幕比例:16:9;
小米显示器23.8/24.5/27英寸直面屏34英寸曲面屏广视角低蓝光 27英寸Redmi显示器 2K 官方标配,1349.00元,商品编号:10024091700781;店铺: 科族数码专营店;商品毛重:3.0kg;商品产地:中国大陆;屏幕尺寸:27英寸;屏幕刷新率:60Hz;分辨率:2560*1440dpi;售后服务:3年质保;面板:IPS技术;屏幕比例:16:9;接口:HDMI，USB扩展/充电，音频/耳机输出;
华硕MB16AC,1699.00元,商品编号:4190031;商品毛重:2.8kg;商品产地:中国大陆;屏幕尺寸:21.5英寸及以下;屏幕刷新率:60Hz;分辨率:1920*1080dpi;售后服务:3年质保;面板:IPS技术;屏幕比例:16:9;接口:Type-C;
创维28U1,1549.00元,商品编号:100007012827;商品毛重:9.1kg;商品产地:中国大陆;屏幕尺寸:28-30英寸;HDR:HDR10;分辨率:3840*2160dpi;屏幕刷新率:60Hz;售后服务:3年上门，3年质保;面板:IPS技术;接口:Type-C，DP，HDMI，USB扩展/充电，音频/耳机输出;特性:旋转升降底座，FreeSync;屏幕比例:16:9;
华硕VG27AQL1A,2499.00元,商品编号:100007282775;商品毛重:9.12kg;商品产地:中国大陆;屏幕尺寸:27英寸;HDR:HDR400;分辨率:2560*1440dpi;响应时间:1ms;屏幕刷新率:170Hz;售后服务:3年质保;面板:IPS技术;接口:DP，HDMI，USB扩展/充电，音频/耳机输出;特性:旋转升降底座，G-Sync;屏幕比例:16:9;
泰坦军团C35SQ PLUS,2199.00元,商品编号:100007716523;商品毛重:10.0kg;商品产地:中国大陆;货号:V3G6R-H;屏幕尺寸:34-35英寸;HDR:HDR400;分辨率:3440*1440dpi;对比度:3000:1;类型:曲面屏;响应时间:1ms;屏幕刷新率:175-180Hz;售后服务:3年质保;面板:VA;屏幕比例:21:9;接口:DP，HDMI，音频/耳机输出;曲率:1800R;
AOC 23.8英寸 显示器窄边框75hz家用办公台式电脑液晶显示屏HDMI接口可壁挂 24B2XH(IPS),899.00元,商品编号:20055503244;店铺: 武极电脑DIY旗舰店;商品毛重:4.0kg;屏幕尺寸:23.5-24英寸;屏幕刷新率:60Hz;分辨率:1920*1080dpi;售后服务:3年质保;面板:IPS技术;屏幕比例:16:9;特性:可壁挂;接口:HDMI，VGA;
剑齿虎（Sabretooth）GAME—F7,1399.00元,商品编号:10030898343826;店铺: 剑齿虎显示器旗舰店;商品毛重:7.5kg;商品产地:中国大陆;屏幕尺寸:27英寸;分辨率:2560*1440dpi;对比度:1000:1;响应时间:2ms-4ms;屏幕刷新率:165Hz;售后服务:3年质保;面板:IPS技术;接口:DP，HDMI，USB扩展/充电，音频/耳机输出;屏幕比例:16:9;
华为（HUAWEI）HUAWEI AD80HW,999.00元,商品编号:10031173272764;店铺: 华为肆玖专卖店;商品毛重:5.525kg;商品产地:中国大陆;屏幕尺寸:23.5-24英寸;分辨率:1920*1080dpi;响应时间:5ms;屏幕刷新率:75Hz;售后服务:1年质保;面板:IPS技术;接口:HDMI，VGA;特性:节能认证;屏幕比例:16:9;
ROGXG279Q绝杀,3999.00元,商品编号:65228185914;店铺: 玩家国度ROG官方旗舰店;商品毛重:7.6kg;货号:XG279Q绝杀;屏幕尺寸:27英寸;HDR:HDR400;分辨率:2560*1440dpi;响应时间:1ms;屏幕刷新率:其他;售后服务:3年质保;面板:IPS技术;接口:DP，HDMI，USB扩展/充电，音频/耳机输出;特性:可壁挂，内置音箱，旋转升降底座，G-Sync;屏幕比例:16:9;
BOECG24H0,999.00元,商品编号:100019447350;商品毛重:3.9kg;商品产地:中国大陆;屏幕尺寸:23.5-24英寸;屏幕刷新率:144Hz;分辨率:1920*1080dpi;售后服务:3年质保;面板:IPS技术;接口:DP，HDMI，VGA，音频/耳机输出;
松人 R315 32英寸曲面电脑显示器 75hz HDMI高清 电竞游戏办公家用液晶台式屏幕 【32英寸 75hz 】曲面-磨砂黑,898.00元,商品编号:28484630063;店铺: 松人数码旗舰店;商品毛重:10.0kg;屏幕尺寸:31.5-32英寸;屏幕刷新率:75Hz;分辨率:1920*1080dpi;售后服务:3年质保;面板:VA;屏幕比例:16:9;接口:HDMI，VGA;
飞利浦（PHILIPS ）241V8/93,929.00元,商品编号:69237611397;商品毛重:4.31kg;商品产地:中国大陆;货号:241V8/93;屏幕尺寸:23.5-24英寸;屏幕刷新率:75Hz;分辨率:1920*1080dpi;售后服务:3年质保;面板:IPS技术;屏幕比例:16:9;特性:节能认证，FreeSync，可壁挂;接口:HDMI，VGA，音频/耳机输出;
鼎创视界DS-JS1500,1299.00元,商品编号:100013820257;商品毛重:2.0kg;商品产地:中国大陆;屏幕尺寸:21.5英寸及以下;分辨率:1920*1080dpi;类型:商用大屏显示器;响应时间:0.5ms;屏幕刷新率:其他;售后服务:3年质保;面板:其他;接口:HDMI，VGA，USB扩展/充电，音频/耳机输出，其他;特性:可壁挂，节能认证;屏幕比例:16:9;
戴尔（DELL）P2421D,2099.00元,商品编号:20961798761;店铺: 戴尔君诚联合专卖店;商品毛重:8.0kg;商品产地:中国大陆;货号:P2421D/P2421DC;屏幕尺寸:23.5-24英寸;屏幕刷新率:60Hz;分辨率:2560*1440dpi;售后服务:3年上门，3年质保;面板:IPS技术;屏幕比例:16:9;特性:节能认证，旋转升降底座，TUV爱眼认证，四边微边框;接口:DP，HDMI，USB扩展/充电，其他;
AOCC27G2Z,1699.00元,商品编号:11334442865;店铺: 武极电脑DIY旗舰店;商品毛重:10.0kg;商品产地:中国大陆;货号:XJWLLxsqC27G2Z;屏幕尺寸:27英寸;屏幕刷新率:240Hz及以上;分辨率:1920*1080dpi;售后服务:3年质保;面板:VA;屏幕比例:16:9;接口:DP，HDMI，音频/耳机输出;
飞利浦（PHILIPS ）342E2E,1799.00元,商品编号:71446239836;商品毛重:10.22kg;商品产地:中国大陆;货号:342E2E;屏幕尺寸:34-35英寸;分辨率:2560*1080dpi;对比度:1000:1;响应时间:2ms-4ms;屏幕刷新率:75Hz;售后服务:3年质保;面板:IPS技术;接口:DP，HDMI，音频/耳机输出;特性:节能认证，FreeSync;屏幕比例:21:9;
BOECA27D0,1399.00元,商品编号:100007644505;商品毛重:6.42kg;商品产地:中国大陆;屏幕尺寸:27英寸;屏幕刷新率:75Hz;分辨率:2560*1440dpi;售后服务:3年上门，3年质保;面板:IPS技术;屏幕比例:16:9;特性:节能认证;接口:Type-C，DP，HDMI，USB扩展/充电，音频/耳机输出;
明基GW2480,1099.00元,商品编号:4497211;商品毛重:5.15kg;商品产地:中国大陆;屏幕尺寸:23.5-24英寸;屏幕刷新率:60Hz;分辨率:1920*1080dpi;售后服务:3年质保;面板:IPS技术;屏幕比例:16:9;特性:节能认证;接口:DP，HDMI，VGA，其他;
HKCV271M,929.00元,商品编号:61520420372;店铺: 武极电脑DIY旗舰店;商品毛重:8.16kg;商品产地:中国大陆;货号:XJWLLXSQV271M;屏幕尺寸:27英寸;屏幕刷新率:60Hz;分辨率:1920*1080dpi;售后服务:3年质保;面板:IPS技术;屏幕比例:16:9;接口:HDMI，VGA;
雷神F23H144F,999.00元,商品编号:100011002482;商品毛重:4.61kg;商品产地:中国大陆;屏幕尺寸:23.5-24英寸;分辨率:1920*1080dpi;对比度:1000:1;响应时间:1ms;屏幕刷新率:144Hz;售后服务:3年质保;面板:IPS技术;接口:DP，HDMI，其他;屏幕比例:16:9;曲率:1500R;
雕塑家MF16LA,1899.00元,商品编号:100014916935;商品毛重:0.95kg;商品产地:中国大陆;屏幕尺寸:21.5英寸及以下;分辨率:1920*1080dpi;类型:便携显示器;响应时间:5ms;屏幕刷新率:60Hz;售后服务:1年质保;面板:IPS技术;接口:Type-C，HDMI，音频/耳机输出;特性:无线投屏，FreeSync;屏幕比例:16:9;
联合创新N1U,1899.00元,商品编号:100012929090;商品毛重:2.25kg;商品产地:中国大陆;屏幕尺寸:21.5英寸及以下;分辨率:3840*2160dpi;对比度:1000:1;类型:便携显示器;响应时间:5ms;屏幕刷新率:60Hz;售后服务:1年质保;面板:IPS技术;接口:Type-C，HDMI，音频/耳机输出;特性:节能认证;屏幕比例:16:9;
三星（SAMSUNG）S24R350FHC,949.00元,商品编号:54775312814;店铺: 灵竞DIY旗舰店;商品毛重:4.8kg;屏幕尺寸:23.5-24英寸;分辨率:1920*1080dpi;对比度:1000:1;响应时间:5ms;屏幕刷新率:75Hz;售后服务:1年质保;面板:IPS技术;接口:HDMI，VGA;特性:可壁挂，节能认证，FreeSync;屏幕比例:16:9;
长城WESCOM显示器 27英寸4K/2K 144Hz电脑曲面屏粉色24电竞165设计32升降IPS 【粉色】长城27英寸 75Hz曲面屏-赠礼盒级包装,1199.00元,商品编号:10027386581565;店铺: 航向者组装电脑旗舰店;商品毛重:5.0kg;货号:HX061;屏幕尺寸:27英寸;屏幕刷新率:75Hz;分辨率:1920*1080dpi;售后服务:1年质保;面板:VA;响应时间:2ms-4ms;屏幕比例:16:9;接口:HDMI，VGA;
康佳KKTV 电脑显示器高清电竞游戏144Hz家用办公吃鸡护眼HDMI液晶IPS4监控显示屏幕台式 24英寸IPS-升降摄像头-麦克风,859.00元,商品编号:10029676009375;店铺: KKTV新森专卖店;商品毛重:4.0kg;屏幕尺寸:23.5-24英寸;屏幕刷新率:60Hz;分辨率:1920*1080dpi;售后服务:1年质保;面板:IPS技术;屏幕比例:16:9;接口:DP，HDMI，VGA，USB扩展/充电，音频/耳机输出;
华硕（ASUS）VG27AQ,2199.00元,商品编号:64867888130;店铺: 华硕电脑配件专卖店;商品毛重:8.02kg;屏幕尺寸:27英寸;HDR:HDR10;分辨率:2560*1440dpi;对比度:1000:1;响应时间:1ms;屏幕刷新率:165Hz;售后服务:3年质保;面板:IPS技术;接口:DP，HDMI，音频/耳机输出;屏幕比例:16:9;
戴尔（DELL）P2419H,1449.00元,商品编号:10471495072;店铺: 中飞显示设备专营店;商品毛重:7.36kg;商品产地:中国大陆;屏幕尺寸:23.5-24英寸;分辨率:1920*1080dpi;对比度:1000:1;响应时间:5ms;屏幕刷新率:60Hz;售后服务:3年上门，3年质保;面板:IPS技术;接口:DP，HDMI，VGA，USB扩展/充电;特性:节能认证，旋转升降底座，TUV爱眼认证，四边微边框;屏幕比例:16:9;
三星（SAMSUNG）U28R550UQC 28英寸4K显示器 低蓝光不闪屏 设计绘图电脑液晶显示屏,2099.00元,商品编号:10430202228;店铺: 灵竞DIY旗舰店;商品毛重:10.0kg;商品产地:中国大陆;屏幕尺寸:28-30英寸;HDR:HDR10;分辨率:3840*2160dpi;对比度:1000:1;响应时间:2ms-4ms;屏幕刷新率:60Hz;售后服务:1年质保;面板:IPS技术;接口:DP，HDMI，音频/耳机输出;特性:可壁挂，FreeSync;屏幕比例:16:9;
夏新（Amoi）24电脑显示器高清4K家用2K办公电竞游戏144H超薄液晶监控27曲面屏幕IPS 20英寸监控电视显示屏直面高刷新率,348.00元,商品编号:10025619181539;店铺: 德庆电脑办公专营店;商品毛重:10.0kg;屏幕尺寸:21.5英寸及以下;屏幕刷新率:其他;分辨率:其他;售后服务:3年质保;面板:其他;接口:HDMI，VGA;
AOCCQ32G2E,1999.00元,商品编号:100006353853;商品毛重:10.55kg;商品产地:中国大陆;屏幕尺寸:31.5-32英寸;分辨率:2560*1440dpi;响应时间:1ms;屏幕刷新率:144Hz;面板:VA;售后服务:3年质保;屏幕比例:16:9;接口:DP，HDMI，音频/耳机输出;特性:FreeSync，可壁挂;曲率:1500R;
【二手9成新】17寸/19寸/19.5寸/20寸/22寸/24寸/联想戴尔三星液晶显示器二手显示器 19寸 联想宽屏,229.00元,商品编号:10026338916099;店铺: 睿翔嘉鑫二手电脑专营店;商品毛重:8.0kg;商品产地:中国大陆;
KOIOSK2720UD,1049.00元,商品编号:70901310850;店铺: KOIOS显示器旗舰店;商品毛重:7.0kg;商品产地:中国大陆;屏幕尺寸:27英寸;分辨率:3840*2160dpi;对比度:1000:1;响应时间:5ms;屏幕刷新率:60Hz;售后服务:1年质保;面板:IPS技术;接口:DP，HDMI，音频/耳机输出;屏幕比例:16:9;
戴尔（DELL）U2422HX,1699.00元,商品编号:10029328712365;店铺: 戴尔直营显示器旗舰店;商品毛重:7.82kg;货号:U2422HX;屏幕尺寸:23.5-24英寸;分辨率:1920*1080dpi;对比度:1000:1;响应时间:5ms;屏幕刷新率:60Hz;售后服务:3年上门，3年质保;面板:IPS技术;接口:Type-C，DP，HDMI，USB扩展/充电，音频/耳机输出;屏幕比例:16:9;
AOCCQ27G2,1899.00元,商品编号:58770820815;店铺: 武极电脑DIY旗舰店;商品毛重:2.0kg;货号:XJWLLCQ27G2;屏幕尺寸:27英寸;分辨率:2560*1440dpi;响应时间:1ms;屏幕刷新率:144Hz;面板:VA;售后服务:3年质保;屏幕比例:16:9;接口:DP，HDMI，音频/耳机输出;特性:旋转升降底座，FreeSync;曲率:1500R;
戴尔（DELL）P2421,1699.00元,商品编号:10296282889;店铺: 中飞显示设备专营店;商品毛重:8.3kg;商品产地:中国大陆;屏幕尺寸:23.5-24英寸;屏幕刷新率:60Hz;分辨率:1920*1200dpi;售后服务:3年上门，3年质保;面板:IPS技术;屏幕比例:16:10;特性:节能认证，旋转升降底座，TUV爱眼认证，四边微边框;接口:DP，HDMI，DVI，VGA，USB扩展/充电;
三星（SAMSUNG）C27R500FHC,1199.00元,商品编号:10030656887367;店铺: 三星显示器旗舰店;商品毛重:6.5kg;商品产地:中国大陆;货号:C27R500FHC;屏幕尺寸:27英寸;HDR:HDR10;分辨率:1920*1080dpi;对比度:3000:1;类型:曲面屏;响应时间:2ms-4ms;屏幕刷新率:60Hz;售后服务:1年质保;面板:VA;接口:HDMI，VGA，音频/耳机输出;屏幕比例:16:9;曲率:1800R;
康佳KKTV 电脑显示器高清电竞144Hz游戏家用办公吃鸡护眼HDMI液晶IPS4监控显示屏幕台式 24英寸曲面黑红【微边框-144Hz】,799.00元,商品编号:10024201018685;店铺: KKTV新森专卖店;商品毛重:4.0kg;屏幕尺寸:23.5-24英寸;屏幕刷新率:144Hz;分辨率:1920*1080dpi;售后服务:1年质保;面板:VA;屏幕比例:16:9;接口:DP，HDMI;
微星G27CQ4,1599.00元,商品编号:100015376818;商品毛重:6.75kg;商品产地:中国;屏幕尺寸:27英寸;分辨率:2560*1440dpi;对比度:1000:1;响应时间:1ms;屏幕刷新率:165Hz;面板:VA;售后服务:3年上门，3年质保;屏幕比例:16:9;接口:DP，HDMI，音频/耳机输出，其他;特性:FreeSync;曲率:1500R;
雕塑家MU156LA,1499.00元,商品编号:100009595492;商品毛重:1.95kg;商品产地:中国大陆;屏幕尺寸:21.5英寸及以下;HDR:HDR10;分辨率:1920*1080dpi;对比度:800:1;响应时间:5ms;屏幕刷新率:60Hz;售后服务:1年质保;面板:IPS技术;接口:Type-C，HDMI，音频/耳机输出;特性:内置音箱;屏幕比例:16:9;
长城WESCOM显示器 27英寸4K/2K 144Hz电脑曲面屏粉色24电竞165设计32升降IPS 长城27英寸 165Hz 电竞曲面屏,1099.00元,商品编号:10027381729824;店铺: 航向者组装电脑旗舰店;商品毛重:5.0kg;货号:HX061;屏幕尺寸:27英寸;屏幕刷新率:165Hz;分辨率:1920*1080dpi;售后服务:1年质保;面板:VA;响应时间:2ms-4ms;屏幕比例:16:9;接口:DP，HDMI，音频/耳机输出;
飞利浦（PHILIPS ）271E1SCW,1199.00元,商品编号:44613715367;店铺: 飞利浦显示器旗舰店;商品毛重:6.47kg;商品产地:中国大陆;货号:271E1SCW;屏幕尺寸:27英寸;分辨率:1920*1080dpi;响应时间:2ms-4ms;屏幕刷新率:75Hz;售后服务:3年质保;面板:VA;接口:HDMI，VGA，音频/耳机输出;屏幕比例:16:9;曲率:1500R;
SANCN500,739.00元,商品编号:10037747249435;商品毛重:4.3kg;商品产地:中国大陆;屏幕尺寸:23.5-24英寸;分辨率:1920*1080dpi;对比度:1000:1;响应时间:5ms;屏幕刷新率:75Hz;售后服务:3年质保;面板:IPS技术;接口:HDMI，VGA，音频/耳机输出;屏幕比例:16:9;
外星人（alienware）AW3821DW,15499.00元,商品编号:10023008077672;店铺: 外星人官方旗舰店;商品毛重:9.0kg;货号:AW3821DW;屏幕尺寸:37-38英寸;屏幕刷新率:144Hz;分辨率:其他;售后服务:5年质保;面板:IPS技术;响应时间:1ms;屏幕比例:21:9;接口:HDMI;
戴尔（DELL）P2719H,1569.00元,商品编号:10021183558869;商品毛重:8.66kg;屏幕尺寸:27英寸;屏幕刷新率:其他;分辨率:1920*1080dpi;售后服务:3年质保;面板:IPS技术;屏幕比例:16:9;接口:DP，HDMI;
LG32UN650-W/32UL750-W,3229.00元,商品编号:71571380021;店铺: LG显示器品牌旗舰店;商品毛重:7.3kg;商品产地:中国大陆;货号:32UN650-W/32UL750-W;屏幕尺寸:31.5-32英寸;HDR:HDR10;分辨率:3840*2160dpi;对比度:1000:1;响应时间:5ms;屏幕刷新率:60Hz;售后服务:3年质保;面板:IPS技术;接口:DP，HDMI，音频/耳机输出;特性:升降台，可壁挂，内置音箱，旋转升降底座，FreeSync;屏幕比例:16:9;
JAV 教学一体机 多媒体幼儿园培训学校教育触屏电视 触控手写触摸屏 55英寸 触控一体机  新锐版 支持随页批注 Windows i5 4G 128G固态硬盘,4499.00元,商品编号:70645101233;店铺: JAV旗舰店;商品毛重:46.0kg;屏幕尺寸:50英寸及以上;屏幕刷新率:其他;分辨率:1920*1080dpi;售后服务:1年质保;面板:其他;屏幕比例:16:9;接口:HDMI，VGA，USB扩展/充电，其他;
夏新（Amoi）24英寸显示器家用办公HDMI高清护眼台式电脑显示屏幕 24英寸曲面75Hz全面屏白,629.00元,商品编号:63579431193;店铺: 夏新电脑显示器旗舰店;商品毛重:4.0kg;商品产地:中国大陆;屏幕尺寸:23.5-24英寸;屏幕刷新率:75Hz;分辨率:1920*1080dpi;售后服务:1年质保;面板:VA;屏幕比例:16:9;接口:HDMI，VGA;
戴尔（DELL）p2419h,1469.00元,商品编号:29919078534;店铺: 戴尔君诚联合专卖店;商品毛重:7.1kg;商品产地:中国大陆;货号: P2419H;屏幕尺寸:23.5-24英寸;屏幕刷新率:60Hz;分辨率:1920*1080dpi;售后服务:3年上门，3年质保;面板:IPS技术;屏幕比例:16:9;特性:节能认证，旋转升降底座，TUV爱眼认证，四边微边框;接口:DP，HDMI，VGA，USB扩展/充电;
KKTVkktv,899.00元,商品编号:10040803021042;店铺: KKTV显示器旗舰店;商品毛重:3.0kg;屏幕尺寸:31.5-32英寸;屏幕刷新率:75Hz;分辨率:1920*1080dpi;售后服务:1年质保;面板:VA;接口:HDMI，VGA;
优派VX3276-2K-HD-3,1399.00元,商品编号:100013079764;商品毛重:7.75kg;商品产地:中国大陆;货号:VX3276-2K-HD-3;屏幕尺寸:31.5-32英寸;屏幕刷新率:75Hz;分辨率:2560*1440dpi;售后服务:3年质保;面板:IPS技术;屏幕比例:16:9;特性:节能认证，可壁挂;接口:DP，HDMI，音频/耳机输出;
泰坦军团N27SH,1299.00元,商品编号:100019172122;商品毛重:8.3kg;商品产地:中国大陆;货号:N27SH;屏幕尺寸:27英寸;分辨率:1920*1080dpi;对比度:3000:1;类型:曲面屏;响应时间:1ms;屏幕刷新率:240Hz及以上;面板:VA;售后服务:3年质保;接口:DP，HDMI，音频/耳机输出;屏幕比例:16:9;特性:旋转升降底座;曲率:1500R;
夏新（Amoi）22曲面电脑24显示器2K超薄高清护眼144HZ家用办公游戏液晶监控显示屏幕 20英寸黑色直面款,349.00元,商品编号:65559228874;店铺: 夏新电脑显示器旗舰店;商品毛重:4.0kg;屏幕尺寸:21.5英寸及以下;分辨率:其他;响应时间:2ms-4ms;屏幕刷新率:60Hz;售后服务:1年质保;面板:TN;接口:VGA;特性:可壁挂;屏幕比例:16:10;
联合创新27C1U,1699.00元,商品编号:100014453189;商品毛重:9.15kg;商品产地:中国大陆;货号:27C1U;屏幕尺寸:27英寸;HDR:HDR400;分辨率:3840*2160dpi;对比度:1000:1;响应时间:5ms;屏幕刷新率:60Hz;售后服务:3年质保;面板:IPS技术;接口:Type-C，DP，HDMI，USB扩展/充电，音频/耳机输出;屏幕比例:16:9;
BOECA32D0,1499.00元,商品编号:100015790287;商品毛重:8.93kg;商品产地:中国大陆;屏幕尺寸:31.5-32英寸;屏幕刷新率:75Hz;分辨率:2560*1440dpi;售后服务:3年质保;面板:IPS技术;屏幕比例:16:9;接口:DP，HDMI;
戴尔（DELL）E2216HV,839.00元,商品编号:1726499015;店铺: 戴尔地升专卖店;商品毛重:6.0kg;接口:VGA;面板:TN;售后服务:3年上门，3年质保;
微星Optix MAG343CQR,2499.00元,商品编号:100028138222;商品毛重:11.04kg;商品产地:中国;屏幕尺寸:34-35英寸;HDR:HDR400;分辨率:3440*1440dpi;对比度:3000:1;类型:曲面屏;响应时间:1ms;屏幕刷新率:144Hz;接口:DP，HDMI，音频/耳机输出;售后服务:3年上门，3年质保;屏幕比例:21:9;面板:VA;特性:旋转升降底座;曲率:1200R;
戴尔E2422HN,999.00元,商品编号:100025323730;商品毛重:5.08kg;商品产地:中国大陆;屏幕尺寸:23.5-24英寸;分辨率:1920*1080dpi;对比度:1000:1;响应时间:5ms;屏幕刷新率:60Hz;售后服务:3年质保;面板:IPS技术;接口:HDMI，VGA;屏幕比例:16:9;
SANCM2733QP,1989.00元,商品编号:67836421373;店铺: SANC显示器旗舰店;商品毛重:7.5kg;商品产地:中国大陆;货号:M2733QP;屏幕尺寸:27英寸;分辨率:2560*1440dpi;对比度:1000:1;响应时间:1ms;屏幕刷新率:175-180Hz;售后服务:3年质保;面板:IPS技术;接口:DP，HDMI，USB扩展/充电，音频/耳机输出;特性:旋转升降底座，FreeSync;屏幕比例:16:9;
康佳KKTV 电脑显示器高清电竞144Hz游戏家用办公吃鸡护眼HDMI液晶IPS4监控显示屏幕台式 18.5英寸平面黑色【窄边框-60Hz】,429.00元,商品编号:70602939614;店铺: KKTV新森专卖店;商品毛重:4.0kg;屏幕尺寸:21.5英寸及以下;屏幕刷新率:60Hz;分辨率:其他;售后服务:1年质保;面板:其他;屏幕比例:16:9;接口:VGA;
华硕（ASUS）XG258Q,2499.00元,商品编号:10028469599941;店铺: 华硕电脑配件专卖店;商品毛重:8.5kg;屏幕尺寸:23.5-24英寸;分辨率:1920*1080dpi;对比度:1000:1;响应时间:1ms;屏幕刷新率:240Hz及以上;售后服务:3年质保;面板:TN;接口:DP，HDMI，音频/耳机输出;屏幕比例:16:9;
